subject,variant,test,score,chance95,p,lag_samples,n_windows,lag_s
100_1,default_samples,speed_hr,0.0,0.0,1.0,,16,
100_1,default_samples,speed_vo2,0.0,0.0,1.0,,16,
100_1,published,speed_hr,0.0,15.151515151515152,1.0,,33,
100_1,published,speed_vo2,0.0,15.151515151515152,1.0,,33,
100_1,win_only,speed_hr,0.0,0.0,1.0,,7,
100_1,win_only,speed_vo2,0.0,0.0,1.0,,7,
100_1,tol_only,speed_hr,0.0,15.151515151515152,1.0,,33,
100_1,tol_only,speed_vo2,0.0,15.151515151515152,1.0,,33,
100_1,v2_calibrated,speed_hr,0.0,57.14285714285714,1.0,,7,
100_1,v2_calibrated,speed_vo2,0.0,57.14285714285714,1.0,,7,
100_1,v2_cal_lag3,speed_hr,0.0,0.0,1.0,,7,
100_1,v2_cal_lag3,speed_vo2,0.0,0.0,1.0,,7,
104_1,default_samples,speed_hr,0.0,0.0,1.0,,18,
104_1,default_samples,speed_vo2,0.0,0.0,1.0,,18,
104_1,published,speed_hr,0.0,13.513513513513514,1.0,,37,
104_1,published,speed_vo2,13.513513513513514,16.486486486486474,0.09900990099009901,-1.0,37,2.0
104_1,win_only,speed_hr,0.0,0.0,1.0,,8,
104_1,win_only,speed_vo2,0.0,0.0,1.0,,8,
104_1,tol_only,speed_hr,0.0,13.513513513513514,1.0,,37,
104_1,tol_only,speed_vo2,13.513513513513514,16.486486486486474,0.09900990099009901,-1.0,37,2.0
104_1,v2_calibrated,speed_hr,0.0,0.0,1.0,,8,
104_1,v2_calibrated,speed_vo2,0.0,0.0,1.0,,8,
104_1,v2_cal_lag3,speed_hr,0.0,50.0,1.0,,8,
104_1,v2_cal_lag3,speed_vo2,0.0,50.0,1.0,,8,
108_1,default_samples,speed_hr,0.0,0.0,1.0,,20,
108_1,default_samples,speed_vo2,0.0,0.0,1.0,,20,
108_1,published,speed_hr,0.0,14.634146341463413,1.0,,41,
108_1,published,speed_vo2,0.0,9.75609756097561,1.0,,41,
108_1,win_only,speed_hr,0.0,0.0,1.0,,9,
108_1,win_only,speed_vo2,0.0,0.0,1.0,,9,
108_1,tol_only,speed_hr,0.0,14.634146341463413,1.0,,41,
108_1,tol_only,speed_vo2,0.0,9.75609756097561,1.0,,41,
108_1,v2_calibrated,speed_hr,44.44444444444444,44.44444444444444,0.1188118811881188,-17.0,9,34.0
108_1,v2_calibrated,speed_vo2,66.66666666666666,44.44444444444444,0.009900990099009901,-13.0,9,26.0
108_1,v2_cal_lag3,speed_hr,55.55555555555556,44.44444444444444,0.009900990099009901,-17.0,9,34.0
108_1,v2_cal_lag3,speed_vo2,0.0,44.44444444444444,1.0,,9,
111_1,default_samples,speed_hr,0.0,0.0,1.0,,19,
111_1,default_samples,speed_vo2,0.0,0.0,1.0,,19,
111_1,published,speed_hr,0.0,10.256410256410255,1.0,,39,
111_1,published,speed_vo2,20.51282051282051,18.07692307692307,0.0594059405940594,-4.0,39,8.0
111_1,win_only,speed_hr,0.0,0.0,1.0,,9,
111_1,win_only,speed_vo2,0.0,0.0,1.0,,9,
111_1,tol_only,speed_hr,0.0,10.256410256410255,1.0,,39,
111_1,tol_only,speed_vo2,20.51282051282051,18.07692307692307,0.0594059405940594,-4.0,39,8.0
111_1,v2_calibrated,speed_hr,0.0,44.44444444444444,1.0,,9,
111_1,v2_calibrated,speed_vo2,0.0,0.0,1.0,,9,
111_1,v2_cal_lag3,speed_hr,0.0,44.44444444444444,1.0,,9,
111_1,v2_cal_lag3,speed_vo2,0.0,0.0,1.0,,9,
116_1,default_samples,speed_hr,0.0,0.0,1.0,,18,
116_1,default_samples,speed_vo2,0.0,0.0,1.0,,18,
116_1,published,speed_hr,13.157894736842104,16.052631578947352,0.0891089108910891,13.0,38,-26.0
116_1,published,speed_vo2,0.0,16.052631578947352,1.0,,38,
116_1,win_only,speed_hr,0.0,0.0,1.0,,8,
116_1,win_only,speed_vo2,0.0,0.0,1.0,,8,
116_1,tol_only,speed_hr,13.157894736842104,16.052631578947352,0.0891089108910891,13.0,38,-26.0
116_1,tol_only,speed_vo2,0.0,16.052631578947352,1.0,,38,
116_1,v2_calibrated,speed_hr,50.0,0.0,0.009900990099009901,-2.0,8,4.0
116_1,v2_calibrated,speed_vo2,0.0,0.0,1.0,,8,
116_1,v2_cal_lag3,speed_hr,0.0,0.0,1.0,,8,
116_1,v2_cal_lag3,speed_vo2,0.0,50.0,1.0,,8,
11_1,default_samples,speed_hr,0.0,30.76923076923077,1.0,,13,
11_1,default_samples,speed_vo2,0.0,0.0,1.0,,13,
11_1,published,speed_hr,14.814814814814813,14.814814814814813,0.12871287128712872,4.5,27,-9.0
11_1,published,speed_vo2,0.0,14.814814814814813,1.0,,27,
11_1,win_only,speed_hr,0.0,0.0,1.0,,6,
11_1,win_only,speed_vo2,0.0,0.0,1.0,,6,
11_1,tol_only,speed_hr,14.814814814814813,14.814814814814813,0.12871287128712872,4.5,27,-9.0
11_1,tol_only,speed_vo2,0.0,14.814814814814813,1.0,,27,
11_1,v2_calibrated,speed_hr,0.0,66.66666666666666,1.0,,6,
11_1,v2_calibrated,speed_vo2,0.0,0.0,1.0,,6,
11_1,v2_cal_lag3,speed_hr,0.0,83.33333333333334,1.0,,6,
11_1,v2_cal_lag3,speed_vo2,0.0,0.0,1.0,,6,
123_1,default_samples,speed_hr,0.0,0.0,1.0,,17,
123_1,default_samples,speed_vo2,0.0,0.0,1.0,,17,
123_1,published,speed_hr,14.285714285714285,11.428571428571429,0.039603960396039604,-4.0,35,8.0
123_1,published,speed_vo2,0.0,14.285714285714285,1.0,,35,
123_1,win_only,speed_hr,0.0,50.0,1.0,,8,
123_1,win_only,speed_vo2,0.0,0.0,1.0,,8,
123_1,tol_only,speed_hr,14.285714285714285,11.428571428571429,0.039603960396039604,-4.0,35,8.0
123_1,tol_only,speed_vo2,0.0,14.285714285714285,1.0,,35,
123_1,v2_calibrated,speed_hr,0.0,50.0,1.0,,8,
123_1,v2_calibrated,speed_vo2,0.0,50.0,1.0,,8,
123_1,v2_cal_lag3,speed_hr,0.0,0.0,1.0,,8,
123_1,v2_cal_lag3,speed_vo2,50.0,50.0,0.13861386138613863,38.5,8,-77.0
127_1,default_samples,speed_hr,0.0,0.0,1.0,,16,
127_1,default_samples,speed_vo2,0.0,0.0,1.0,,16,
127_1,published,speed_hr,0.0,12.121212121212121,1.0,,33,
127_1,published,speed_vo2,0.0,15.151515151515152,1.0,,33,
127_1,win_only,speed_hr,0.0,0.0,1.0,,7,
127_1,win_only,speed_vo2,0.0,0.0,1.0,,7,
127_1,tol_only,speed_hr,0.0,12.121212121212121,1.0,,33,
127_1,tol_only,speed_vo2,0.0,15.151515151515152,1.0,,33,
127_1,v2_calibrated,speed_hr,0.0,0.0,1.0,,7,
127_1,v2_calibrated,speed_vo2,0.0,57.14285714285714,1.0,,7,
127_1,v2_cal_lag3,speed_hr,0.0,0.0,1.0,,7,
127_1,v2_cal_lag3,speed_vo2,0.0,71.42857142857143,1.0,,7,
131_1,default_samples,speed_hr,0.0,0.0,1.0,,19,
131_1,default_samples,speed_vo2,0.0,0.0,1.0,,19,
131_1,published,speed_hr,0.0,20.51282051282051,1.0,,39,
131_1,published,speed_vo2,12.82051282051282,12.82051282051282,0.0891089108910891,0.0,39,-0.0
131_1,win_only,speed_hr,0.0,0.0,1.0,,9,
131_1,win_only,speed_vo2,0.0,0.0,1.0,,9,
131_1,tol_only,speed_hr,0.0,20.51282051282051,1.0,,39,
131_1,tol_only,speed_vo2,12.82051282051282,12.82051282051282,0.0891089108910891,0.0,39,-0.0
131_1,v2_calibrated,speed_hr,0.0,0.0,1.0,,9,
131_1,v2_calibrated,speed_vo2,0.0,0.0,1.0,,9,
131_1,v2_cal_lag3,speed_hr,0.0,0.0,1.0,,9,
131_1,v2_cal_lag3,speed_vo2,0.0,44.44444444444444,1.0,,9,
135_1,default_samples,speed_hr,0.0,36.36363636363637,1.0,,11,
135_1,default_samples,speed_vo2,0.0,54.54545454545454,1.0,,11,
135_1,published,speed_hr,0.0,17.391304347826086,1.0,,23,
135_1,published,speed_vo2,0.0,21.73913043478261,1.0,,23,
135_1,win_only,speed_hr,0.0,0.0,1.0,,5,
135_1,win_only,speed_vo2,0.0,0.0,1.0,,5,
135_1,tol_only,speed_hr,0.0,17.391304347826086,1.0,,23,
135_1,tol_only,speed_vo2,0.0,21.73913043478261,1.0,,23,
135_1,v2_calibrated,speed_hr,0.0,0.0,1.0,,5,
135_1,v2_calibrated,speed_vo2,80.0,80.0,0.15841584158415842,-18.0,5,36.0
135_1,v2_cal_lag3,speed_hr,80.0,0.0,0.009900990099009901,21.5,5,-43.0
135_1,v2_cal_lag3,speed_vo2,0.0,0.0,1.0,,5,
139_1,default_samples,speed_hr,0.0,25.0,1.0,,16,
139_1,default_samples,speed_vo2,0.0,0.0,1.0,,16,
139_1,published,speed_hr,0.0,18.333333333333325,1.0,,33,
139_1,published,speed_vo2,0.0,12.121212121212121,1.0,,33,
139_1,win_only,speed_hr,0.0,0.0,1.0,,7,
139_1,win_only,speed_vo2,0.0,0.0,1.0,,7,
139_1,tol_only,speed_hr,0.0,18.333333333333325,1.0,,33,
139_1,tol_only,speed_vo2,0.0,12.121212121212121,1.0,,33,
139_1,v2_calibrated,speed_hr,0.0,0.0,1.0,,7,
139_1,v2_calibrated,speed_vo2,0.0,57.85714285714281,1.0,,7,
139_1,v2_cal_lag3,speed_hr,0.0,0.0,1.0,,7,
139_1,v2_cal_lag3,speed_vo2,0.0,0.0,1.0,,7,
143_1,default_samples,speed_hr,0.0,0.0,1.0,,14,
143_1,default_samples,speed_vo2,0.0,0.0,1.0,,14,
143_1,published,speed_hr,13.333333333333334,13.333333333333334,0.25742574257425743,7.5,30,-15.0
143_1,published,speed_vo2,0.0,13.499999999999991,1.0,,30,
143_1,win_only,speed_hr,0.0,0.0,1.0,,6,
143_1,win_only,speed_vo2,0.0,0.0,1.0,,6,
143_1,tol_only,speed_hr,13.333333333333334,13.333333333333334,0.25742574257425743,7.5,30,-15.0
143_1,tol_only,speed_vo2,0.0,13.499999999999991,1.0,,30,
143_1,v2_calibrated,speed_hr,0.0,66.66666666666666,1.0,,6,
143_1,v2_calibrated,speed_vo2,0.0,66.66666666666666,1.0,,6,
143_1,v2_cal_lag3,speed_hr,0.0,83.33333333333334,1.0,,6,
143_1,v2_cal_lag3,speed_vo2,0.0,66.66666666666666,1.0,,6,
147_1,default_samples,speed_hr,0.0,0.0,1.0,,17,
147_1,default_samples,speed_vo2,0.0,0.0,1.0,,17,
147_1,published,speed_hr,0.0,13.88888888888889,1.0,,36,
147_1,published,speed_vo2,11.11111111111111,11.11111111111111,0.18811881188118812,10.5,36,-21.0
147_1,win_only,speed_hr,0.0,0.0,1.0,,8,
147_1,win_only,speed_vo2,0.0,0.0,1.0,,8,
147_1,tol_only,speed_hr,0.0,13.88888888888889,1.0,,36,
147_1,tol_only,speed_vo2,11.11111111111111,11.11111111111111,0.18811881188118812,10.5,36,-21.0
147_1,v2_calibrated,speed_hr,0.0,50.0,1.0,,8,
147_1,v2_calibrated,speed_vo2,0.0,50.0,1.0,,8,
147_1,v2_cal_lag3,speed_hr,0.0,50.624999999999964,1.0,,8,
147_1,v2_cal_lag3,speed_vo2,0.0,51.24999999999993,1.0,,8,
150_1,default_samples,speed_hr,0.0,0.0,1.0,,17,
150_1,default_samples,speed_vo2,0.0,0.0,1.0,,17,
150_1,published,speed_hr,13.88888888888889,11.11111111111111,0.04950495049504951,0.0,36,-0.0
150_1,published,speed_vo2,11.11111111111111,16.666666666666664,0.21782178217821782,0.5,36,-1.0
150_1,win_only,speed_hr,0.0,0.0,1.0,,8,
150_1,win_only,speed_vo2,0.0,0.0,1.0,,8,
150_1,tol_only,speed_hr,13.88888888888889,11.11111111111111,0.04950495049504951,0.0,36,-0.0
150_1,tol_only,speed_vo2,11.11111111111111,16.666666666666664,0.21782178217821782,0.5,36,-1.0
150_1,v2_calibrated,speed_hr,0.0,62.5,1.0,,8,
150_1,v2_calibrated,speed_vo2,0.0,50.0,1.0,,8,
150_1,v2_cal_lag3,speed_hr,0.0,50.0,1.0,,8,
150_1,v2_cal_lag3,speed_vo2,0.0,0.0,1.0,,8,
154_1,default_samples,speed_hr,0.0,0.0,1.0,,14,
154_1,default_samples,speed_vo2,0.0,1.4285714285713473,1.0,,14,
154_1,published,speed_hr,13.333333333333334,16.666666666666664,0.19801980198019803,0.0,30,-0.0
154_1,published,speed_vo2,0.0,13.333333333333334,1.0,,30,
154_1,win_only,speed_hr,0.0,0.0,1.0,,6,
154_1,win_only,speed_vo2,0.0,0.0,1.0,,6,
154_1,tol_only,speed_hr,13.333333333333334,16.666666666666664,0.19801980198019803,0.0,30,-0.0
154_1,tol_only,speed_vo2,0.0,13.333333333333334,1.0,,30,
154_1,v2_calibrated,speed_hr,0.0,0.0,1.0,,6,
154_1,v2_calibrated,speed_vo2,0.0,0.0,1.0,,6,
154_1,v2_cal_lag3,speed_hr,0.0,66.66666666666666,1.0,,6,
154_1,v2_cal_lag3,speed_vo2,0.0,66.66666666666666,1.0,,6,
159_1,default_samples,speed_hr,0.0,0.0,1.0,,15,
159_1,default_samples,speed_vo2,0.0,0.0,1.0,,15,
159_1,published,speed_hr,0.0,12.903225806451612,1.0,,31,
159_1,published,speed_vo2,0.0,12.903225806451612,1.0,,31,
159_1,win_only,speed_hr,0.0,0.0,1.0,,7,
159_1,win_only,speed_vo2,0.0,0.0,1.0,,7,
159_1,tol_only,speed_hr,0.0,12.903225806451612,1.0,,31,
159_1,tol_only,speed_vo2,0.0,12.903225806451612,1.0,,31,
159_1,v2_calibrated,speed_hr,0.0,57.14285714285714,1.0,,7,
159_1,v2_calibrated,speed_vo2,0.0,0.0,1.0,,7,
159_1,v2_cal_lag3,speed_hr,0.0,57.14285714285714,1.0,,7,
159_1,v2_cal_lag3,speed_vo2,0.0,0.0,1.0,,7,
162_1,default_samples,speed_hr,0.0,0.0,1.0,,19,
162_1,default_samples,speed_vo2,0.0,0.0,1.0,,19,
162_1,published,speed_hr,0.0,20.0,1.0,,40,
162_1,published,speed_vo2,0.0,12.624999999999993,1.0,,40,
162_1,win_only,speed_hr,0.0,0.0,1.0,,9,
162_1,win_only,speed_vo2,0.0,0.0,1.0,,9,
162_1,tol_only,speed_hr,0.0,20.0,1.0,,40,
162_1,tol_only,speed_vo2,0.0,12.624999999999993,1.0,,40,
162_1,v2_calibrated,speed_hr,0.0,0.0,1.0,,9,
162_1,v2_calibrated,speed_vo2,0.0,0.0,1.0,,9,
162_1,v2_cal_lag3,speed_hr,0.0,0.0,1.0,,9,
162_1,v2_cal_lag3,speed_vo2,0.0,0.0,1.0,,9,
166_1,default_samples,speed_hr,0.0,21.315789473684195,1.0,,19,
166_1,default_samples,speed_vo2,0.0,21.052631578947366,1.0,,19,
166_1,published,speed_hr,0.0,10.384615384615376,1.0,,39,
166_1,published,speed_vo2,10.256410256410255,10.256410256410255,0.26732673267326734,-0.5,39,1.0
166_1,win_only,speed_hr,0.0,0.0,1.0,,9,
166_1,win_only,speed_vo2,0.0,0.0,1.0,,9,
166_1,tol_only,speed_hr,0.0,10.384615384615376,1.0,,39,
166_1,tol_only,speed_vo2,10.256410256410255,10.256410256410255,0.26732673267326734,-0.5,39,1.0
166_1,v2_calibrated,speed_hr,0.0,0.0,1.0,,9,
166_1,v2_calibrated,speed_vo2,0.0,0.0,1.0,,9,
166_1,v2_cal_lag3,speed_hr,0.0,0.0,1.0,,9,
166_1,v2_cal_lag3,speed_vo2,0.0,0.0,1.0,,9,
16_1,default_samples,speed_hr,0.0,0.0,1.0,,17,
16_1,default_samples,speed_vo2,0.0,0.0,1.0,,17,
16_1,published,speed_hr,0.0,19.444444444444446,1.0,,36,
16_1,published,speed_vo2,0.0,14.02777777777777,1.0,,36,
16_1,win_only,speed_hr,0.0,0.0,1.0,,8,
16_1,win_only,speed_vo2,0.0,0.0,1.0,,8,
16_1,tol_only,speed_hr,0.0,19.444444444444446,1.0,,36,
16_1,tol_only,speed_vo2,0.0,14.02777777777777,1.0,,36,
16_1,v2_calibrated,speed_hr,0.0,0.0,1.0,,8,
16_1,v2_calibrated,speed_vo2,0.0,62.5,1.0,,8,
16_1,v2_cal_lag3,speed_hr,0.0,0.0,1.0,,8,
16_1,v2_cal_lag3,speed_vo2,0.0,50.0,1.0,,8,
174_1,default_samples,speed_hr,0.0,0.0,1.0,,20,
174_1,default_samples,speed_vo2,0.0,0.0,1.0,,20,
174_1,published,speed_hr,0.0,9.75609756097561,1.0,,41,
174_1,published,speed_vo2,12.195121951219512,12.195121951219512,0.06930693069306931,0.0,41,-0.0
174_1,win_only,speed_hr,0.0,0.0,1.0,,9,
174_1,win_only,speed_vo2,0.0,0.0,1.0,,9,
174_1,tol_only,speed_hr,0.0,9.75609756097561,1.0,,41,
174_1,tol_only,speed_vo2,12.195121951219512,12.195121951219512,0.06930693069306931,0.0,41,-0.0
174_1,v2_calibrated,speed_hr,44.44444444444444,44.44444444444444,0.10891089108910891,4.5,9,-9.0
174_1,v2_calibrated,speed_vo2,44.44444444444444,0.0,0.0297029702970297,-4.0,9,8.0
174_1,v2_cal_lag3,speed_hr,44.44444444444444,44.44444444444444,0.16831683168316833,4.5,9,-9.0
174_1,v2_cal_lag3,speed_vo2,44.44444444444444,44.44444444444444,0.1188118811881188,-4.0,9,8.0
178_1,default_samples,speed_hr,0.0,0.0,1.0,,17,
178_1,default_samples,speed_vo2,0.0,0.0,1.0,,17,
178_1,published,speed_hr,17.142857142857142,11.428571428571429,0.009900990099009901,-4.5,35,9.0
178_1,published,speed_vo2,0.0,14.285714285714285,1.0,,35,
178_1,win_only,speed_hr,0.0,0.0,1.0,,8,
178_1,win_only,speed_vo2,0.0,0.0,1.0,,8,
178_1,tol_only,speed_hr,17.142857142857142,11.428571428571429,0.009900990099009901,-4.5,35,9.0
178_1,tol_only,speed_vo2,0.0,14.285714285714285,1.0,,35,
178_1,v2_calibrated,speed_hr,0.0,2.499999999999858,1.0,,8,
178_1,v2_calibrated,speed_vo2,0.0,50.0,1.0,,8,
178_1,v2_cal_lag3,speed_hr,0.0,50.0,1.0,,8,
178_1,v2_cal_lag3,speed_vo2,0.0,50.0,1.0,,8,
186_1,default_samples,speed_hr,0.0,0.0,1.0,,12,
186_1,default_samples,speed_vo2,0.0,0.0,1.0,,12,
186_1,published,speed_hr,0.0,24.399999999999977,1.0,,25,
186_1,published,speed_vo2,16.0,16.0,0.1485148514851485,-1.5,25,3.0
186_1,win_only,speed_hr,0.0,0.0,1.0,,5,
186_1,win_only,speed_vo2,0.0,0.0,1.0,,5,
186_1,tol_only,speed_hr,0.0,24.399999999999977,1.0,,25,
186_1,tol_only,speed_vo2,16.0,16.0,0.1485148514851485,-1.5,25,3.0
186_1,v2_calibrated,speed_hr,0.0,0.0,1.0,,5,
186_1,v2_calibrated,speed_vo2,0.0,0.0,1.0,,5,
186_1,v2_cal_lag3,speed_hr,0.0,80.0,1.0,,5,
186_1,v2_cal_lag3,speed_vo2,0.0,80.0,1.0,,5,
18_1,default_samples,speed_hr,0.0,0.0,1.0,,15,
18_1,default_samples,speed_vo2,0.0,0.0,1.0,,15,
18_1,published,speed_hr,0.0,12.903225806451612,1.0,,31,
18_1,published,speed_vo2,0.0,13.064516129032247,1.0,,31,
18_1,win_only,speed_hr,0.0,0.0,1.0,,7,
18_1,win_only,speed_vo2,0.0,0.0,1.0,,7,
18_1,tol_only,speed_hr,0.0,12.903225806451612,1.0,,31,
18_1,tol_only,speed_vo2,0.0,13.064516129032247,1.0,,31,
18_1,v2_calibrated,speed_hr,0.0,0.0,1.0,,7,
18_1,v2_calibrated,speed_vo2,0.0,0.0,1.0,,7,
18_1,v2_cal_lag3,speed_hr,0.0,57.14285714285714,1.0,,7,
18_1,v2_cal_lag3,speed_vo2,0.0,0.0,1.0,,7,
193_1,default_samples,speed_hr,0.0,0.0,1.0,,14,
193_1,default_samples,speed_vo2,0.0,0.0,1.0,,14,
193_1,published,speed_hr,0.0,13.333333333333334,1.0,,30,
193_1,published,speed_vo2,0.0,13.333333333333334,1.0,,30,
193_1,win_only,speed_hr,0.0,0.0,1.0,,6,
193_1,win_only,speed_vo2,0.0,0.0,1.0,,6,
193_1,tol_only,speed_hr,0.0,13.333333333333334,1.0,,30,
193_1,tol_only,speed_vo2,0.0,13.333333333333334,1.0,,30,
193_1,v2_calibrated,speed_hr,0.0,0.0,1.0,,6,
193_1,v2_calibrated,speed_vo2,0.0,0.0,1.0,,6,
193_1,v2_cal_lag3,speed_hr,0.0,0.0,1.0,,6,
193_1,v2_cal_lag3,speed_vo2,83.33333333333334,0.0,0.009900990099009901,-25.0,6,50.0
197_1,default_samples,speed_hr,0.0,0.0,1.0,,16,
197_1,default_samples,speed_vo2,0.0,0.0,1.0,,16,
197_1,published,speed_hr,12.121212121212121,12.121212121212121,0.18811881188118812,-6.5,33,13.0
197_1,published,speed_vo2,12.121212121212121,12.121212121212121,0.19801980198019803,4.5,33,-9.0
197_1,win_only,speed_hr,0.0,0.0,1.0,,7,
197_1,win_only,speed_vo2,0.0,0.0,1.0,,7,
197_1,tol_only,speed_hr,12.121212121212121,12.121212121212121,0.18811881188118812,-6.5,33,13.0
197_1,tol_only,speed_vo2,12.121212121212121,12.121212121212121,0.19801980198019803,4.5,33,-9.0
197_1,v2_calibrated,speed_hr,0.0,57.14285714285714,1.0,,7,
197_1,v2_calibrated,speed_vo2,0.0,57.14285714285714,1.0,,7,
197_1,v2_cal_lag3,speed_hr,0.0,0.0,1.0,,7,
197_1,v2_cal_lag3,speed_vo2,0.0,0.0,1.0,,7,
200_1,default_samples,speed_hr,0.0,0.0,1.0,,14,
200_1,default_samples,speed_vo2,0.0,0.0,1.0,,14,
200_1,published,speed_hr,0.0,13.793103448275861,1.0,,29,
200_1,published,speed_vo2,17.24137931034483,13.793103448275861,0.019801980198019802,4.0,29,-8.0
200_1,win_only,speed_hr,0.0,0.0,1.0,,6,
200_1,win_only,speed_vo2,0.0,0.0,1.0,,6,
200_1,tol_only,speed_hr,0.0,13.793103448275861,1.0,,29,
200_1,tol_only,speed_vo2,17.24137931034483,13.793103448275861,0.019801980198019802,4.0,29,-8.0
200_1,v2_calibrated,speed_hr,0.0,83.33333333333334,1.0,,6,
200_1,v2_calibrated,speed_vo2,0.0,0.0,1.0,,6,
200_1,v2_cal_lag3,speed_hr,0.0,83.33333333333334,1.0,,6,
200_1,v2_cal_lag3,speed_vo2,0.0,0.0,1.0,,6,
204_1,default_samples,speed_hr,22.22222222222222,0.0,0.04950495049504951,-0.5,18,1.0
204_1,default_samples,speed_vo2,0.0,0.0,1.0,,18,
204_1,published,speed_hr,13.513513513513514,13.513513513513514,0.0891089108910891,0.0,37,-0.0
204_1,published,speed_vo2,0.0,13.513513513513514,1.0,,37,
204_1,win_only,speed_hr,0.0,0.0,1.0,,8,
204_1,win_only,speed_vo2,0.0,0.0,1.0,,8,
204_1,tol_only,speed_hr,13.513513513513514,13.513513513513514,0.0891089108910891,0.0,37,-0.0
204_1,tol_only,speed_vo2,0.0,13.513513513513514,1.0,,37,
204_1,v2_calibrated,speed_hr,75.0,50.0,0.039603960396039604,-15.0,8,30.0
204_1,v2_calibrated,speed_vo2,0.0,62.5,1.0,,8,
204_1,v2_cal_lag3,speed_hr,50.0,50.0,0.21782178217821782,-15.0,8,30.0
204_1,v2_cal_lag3,speed_vo2,50.0,50.0,0.18811881188118812,-36.0,8,72.0
208_1,default_samples,speed_hr,0.0,0.0,1.0,,13,
208_1,default_samples,speed_vo2,0.0,0.0,1.0,,13,
208_1,published,speed_hr,0.0,17.857142857142858,1.0,,28,
208_1,published,speed_vo2,0.0,14.285714285714285,1.0,,28,
208_1,win_only,speed_hr,0.0,66.66666666666666,1.0,,6,
208_1,win_only,speed_vo2,0.0,0.0,1.0,,6,
208_1,tol_only,speed_hr,0.0,17.857142857142858,1.0,,28,
208_1,tol_only,speed_vo2,0.0,14.285714285714285,1.0,,28,
208_1,v2_calibrated,speed_hr,0.0,66.66666666666666,1.0,,6,
208_1,v2_calibrated,speed_vo2,0.0,66.66666666666666,1.0,,6,
208_1,v2_cal_lag3,speed_hr,0.0,66.66666666666666,1.0,,6,
208_1,v2_cal_lag3,speed_vo2,0.0,66.66666666666666,1.0,,6,
211_1,default_samples,speed_hr,0.0,0.0,1.0,,12,
211_1,default_samples,speed_vo2,0.0,0.0,1.0,,12,
211_1,published,speed_hr,0.0,19.230769230769234,1.0,,26,
211_1,published,speed_vo2,0.0,15.384615384615385,1.0,,26,
211_1,win_only,speed_hr,0.0,0.0,1.0,,5,
211_1,win_only,speed_vo2,0.0,0.0,1.0,,5,
211_1,tol_only,speed_hr,0.0,19.230769230769234,1.0,,26,
211_1,tol_only,speed_vo2,0.0,15.384615384615385,1.0,,26,
211_1,v2_calibrated,speed_hr,0.0,0.0,1.0,,5,
211_1,v2_calibrated,speed_vo2,0.0,80.0,1.0,,5,
211_1,v2_cal_lag3,speed_hr,0.0,0.0,1.0,,5,
211_1,v2_cal_lag3,speed_vo2,0.0,80.0,1.0,,5,
216_1,default_samples,speed_hr,0.0,0.0,1.0,,17,
216_1,default_samples,speed_vo2,0.0,0.0,1.0,,17,
216_1,published,speed_hr,0.0,11.428571428571429,1.0,,35,
216_1,published,speed_vo2,0.0,11.428571428571429,1.0,,35,
216_1,win_only,speed_hr,0.0,0.0,1.0,,8,
216_1,win_only,speed_vo2,0.0,0.0,1.0,,8,
216_1,tol_only,speed_hr,0.0,11.428571428571429,1.0,,35,
216_1,tol_only,speed_vo2,0.0,11.428571428571429,1.0,,35,
216_1,v2_calibrated,speed_hr,0.0,62.5,1.0,,8,
216_1,v2_calibrated,speed_vo2,0.0,0.0,1.0,,8,
216_1,v2_cal_lag3,speed_hr,0.0,50.0,1.0,,8,
216_1,v2_cal_lag3,speed_vo2,50.0,0.0,0.009900990099009901,-38.5,8,77.0
21_1,default_samples,speed_hr,0.0,0.0,1.0,,15,
21_1,default_samples,speed_vo2,0.0,0.0,1.0,,15,
21_1,published,speed_hr,12.903225806451612,16.129032258064516,0.2376237623762376,-6.0,31,12.0
21_1,published,speed_vo2,12.903225806451612,12.903225806451612,0.18811881188118812,-2.5,31,5.0
21_1,win_only,speed_hr,0.0,0.0,1.0,,7,
21_1,win_only,speed_vo2,0.0,0.0,1.0,,7,
21_1,tol_only,speed_hr,12.903225806451612,16.129032258064516,0.2376237623762376,-6.0,31,12.0
21_1,tol_only,speed_vo2,12.903225806451612,12.903225806451612,0.18811881188118812,-2.5,31,5.0
21_1,v2_calibrated,speed_hr,0.0,0.0,1.0,,7,
21_1,v2_calibrated,speed_vo2,0.0,57.14285714285714,1.0,,7,
21_1,v2_cal_lag3,speed_hr,0.0,0.0,1.0,,7,
21_1,v2_cal_lag3,speed_vo2,0.0,0.0,1.0,,7,
223_1,default_samples,speed_hr,0.0,25.0,1.0,,16,
223_1,default_samples,speed_vo2,0.0,0.0,1.0,,16,
223_1,published,speed_hr,23.52941176470588,11.76470588235294,0.009900990099009901,1.5,34,-3.0
223_1,published,speed_vo2,0.0,11.76470588235294,1.0,,34,
223_1,win_only,speed_hr,0.0,0.0,1.0,,7,
223_1,win_only,speed_vo2,0.0,0.0,1.0,,7,
223_1,tol_only,speed_hr,23.52941176470588,11.76470588235294,0.009900990099009901,1.5,34,-3.0
223_1,tol_only,speed_vo2,0.0,11.76470588235294,1.0,,34,
223_1,v2_calibrated,speed_hr,0.0,57.14285714285714,1.0,,7,
223_1,v2_calibrated,speed_vo2,0.0,57.14285714285714,1.0,,7,
223_1,v2_cal_lag3,speed_hr,0.0,2.8571428571426947,1.0,,7,
223_1,v2_cal_lag3,speed_vo2,57.14285714285714,0.0,0.04950495049504951,37.0,7,-74.0
228_1,default_samples,speed_hr,0.0,0.0,1.0,,16,
228_1,default_samples,speed_vo2,0.0,0.0,1.0,,16,
228_1,published,speed_hr,12.121212121212121,12.272727272727264,0.1485148514851485,9.5,33,-19.0
228_1,published,speed_vo2,12.121212121212121,12.121212121212121,0.13861386138613863,0.0,33,-0.0
228_1,win_only,speed_hr,0.0,0.0,1.0,,7,
228_1,win_only,speed_vo2,0.0,0.0,1.0,,7,
228_1,tol_only,speed_hr,12.121212121212121,12.272727272727264,0.1485148514851485,9.5,33,-19.0
228_1,tol_only,speed_vo2,12.121212121212121,12.121212121212121,0.13861386138613863,0.0,33,-0.0
228_1,v2_calibrated,speed_hr,0.0,57.14285714285714,1.0,,7,
228_1,v2_calibrated,speed_vo2,0.0,57.14285714285714,1.0,,7,
228_1,v2_cal_lag3,speed_hr,0.0,0.0,1.0,,7,
228_1,v2_cal_lag3,speed_vo2,0.0,57.85714285714281,1.0,,7,
231_1,default_samples,speed_hr,0.0,0.0,1.0,,10,
231_1,default_samples,speed_vo2,0.0,0.0,1.0,,10,
231_1,published,speed_hr,23.809523809523807,19.047619047619047,0.0297029702970297,0.0,21,-0.0
231_1,published,speed_vo2,0.0,19.047619047619047,1.0,,21,
231_1,win_only,speed_hr,0.0,0.0,1.0,,4,
231_1,win_only,speed_vo2,0.0,0.0,1.0,,4,
231_1,tol_only,speed_hr,23.809523809523807,19.047619047619047,0.0297029702970297,0.0,21,-0.0
231_1,tol_only,speed_vo2,0.0,19.047619047619047,1.0,,21,
231_1,v2_calibrated,speed_hr,0.0,0.0,1.0,,4,
231_1,v2_calibrated,speed_vo2,0.0,0.0,1.0,,4,
231_1,v2_cal_lag3,speed_hr,0.0,0.0,1.0,,4,
231_1,v2_cal_lag3,speed_vo2,0.0,0.0,1.0,,4,
235_1,default_samples,speed_hr,0.0,0.0,1.0,,10,
235_1,default_samples,speed_vo2,0.0,0.0,1.0,,10,
235_1,published,speed_hr,0.0,23.809523809523807,1.0,,21,
235_1,published,speed_vo2,0.0,19.047619047619047,1.0,,21,
235_1,win_only,speed_hr,0.0,0.0,1.0,,4,
235_1,win_only,speed_vo2,0.0,0.0,1.0,,4,
235_1,tol_only,speed_hr,0.0,23.809523809523807,1.0,,21,
235_1,tol_only,speed_vo2,0.0,19.047619047619047,1.0,,21,
235_1,v2_calibrated,speed_hr,0.0,0.0,1.0,,4,
235_1,v2_calibrated,speed_vo2,0.0,0.0,1.0,,4,
235_1,v2_cal_lag3,speed_hr,0.0,0.0,1.0,,4,
235_1,v2_cal_lag3,speed_vo2,0.0,0.0,1.0,,4,
239_1,default_samples,speed_hr,0.0,0.0,1.0,,15,
239_1,default_samples,speed_vo2,0.0,0.0,1.0,,15,
239_1,published,speed_hr,0.0,15.625,1.0,,32,
239_1,published,speed_vo2,0.0,12.5,1.0,,32,
239_1,win_only,speed_hr,0.0,0.0,1.0,,7,
239_1,win_only,speed_vo2,0.0,0.0,1.0,,7,
239_1,tol_only,speed_hr,0.0,15.625,1.0,,32,
239_1,tol_only,speed_vo2,0.0,12.5,1.0,,32,
239_1,v2_calibrated,speed_hr,0.0,2.8571428571426947,1.0,,7,
239_1,v2_calibrated,speed_vo2,0.0,0.0,1.0,,7,
239_1,v2_cal_lag3,speed_hr,0.0,0.0,1.0,,7,
239_1,v2_cal_lag3,speed_vo2,0.0,0.0,1.0,,7,
243_1,default_samples,speed_hr,0.0,0.0,1.0,,12,
243_1,default_samples,speed_vo2,0.0,0.0,1.0,,12,
243_1,published,speed_hr,0.0,15.384615384615385,1.0,,26,
243_1,published,speed_vo2,0.0,15.384615384615385,1.0,,26,
243_1,win_only,speed_hr,0.0,0.0,1.0,,5,
243_1,win_only,speed_vo2,0.0,0.0,1.0,,5,
243_1,tol_only,speed_hr,0.0,15.384615384615385,1.0,,26,
243_1,tol_only,speed_vo2,0.0,15.384615384615385,1.0,,26,
243_1,v2_calibrated,speed_hr,0.0,0.0,1.0,,5,
243_1,v2_calibrated,speed_vo2,0.0,0.0,1.0,,5,
243_1,v2_cal_lag3,speed_hr,0.0,0.0,1.0,,5,
243_1,v2_cal_lag3,speed_vo2,0.0,0.0,1.0,,5,
247_1,default_samples,speed_hr,0.0,0.0,1.0,,17,
247_1,default_samples,speed_vo2,0.0,23.52941176470588,1.0,,17,
247_1,published,speed_hr,0.0,20.0,1.0,,35,
247_1,published,speed_vo2,11.428571428571429,14.285714285714285,0.16831683168316833,0.5,35,-1.0
247_1,win_only,speed_hr,0.0,0.0,1.0,,8,
247_1,win_only,speed_vo2,0.0,2.499999999999858,1.0,,8,
247_1,tol_only,speed_hr,0.0,20.0,1.0,,35,
247_1,tol_only,speed_vo2,11.428571428571429,14.285714285714285,0.16831683168316833,0.5,35,-1.0
247_1,v2_calibrated,speed_hr,0.0,50.0,1.0,,8,
247_1,v2_calibrated,speed_vo2,0.0,50.0,1.0,,8,
247_1,v2_cal_lag3,speed_hr,0.0,50.0,1.0,,8,
247_1,v2_cal_lag3,speed_vo2,50.0,0.0,0.019801980198019802,-15.0,8,30.0
250_1,default_samples,speed_hr,0.0,0.0,1.0,,17,
250_1,default_samples,speed_vo2,0.0,0.0,1.0,,17,
250_1,published,speed_hr,11.11111111111111,11.11111111111111,0.16831683168316833,0.0,36,-0.0
250_1,published,speed_vo2,22.22222222222222,19.58333333333333,0.0594059405940594,-4.5,36,9.0
250_1,win_only,speed_hr,0.0,0.0,1.0,,8,
250_1,win_only,speed_vo2,0.0,0.0,1.0,,8,
250_1,tol_only,speed_hr,11.11111111111111,11.11111111111111,0.16831683168316833,0.0,36,-0.0
250_1,tol_only,speed_vo2,22.22222222222222,19.58333333333333,0.0594059405940594,-4.5,36,9.0
250_1,v2_calibrated,speed_hr,0.0,62.5,1.0,,8,
250_1,v2_calibrated,speed_vo2,0.0,62.5,1.0,,8,
250_1,v2_cal_lag3,speed_hr,0.0,50.0,1.0,,8,
250_1,v2_cal_lag3,speed_vo2,0.0,0.0,1.0,,8,
255_1,default_samples,speed_hr,0.0,0.0,1.0,,13,
255_1,default_samples,speed_vo2,0.0,0.0,1.0,,13,
255_1,published,speed_hr,0.0,14.285714285714285,1.0,,28,
255_1,published,speed_vo2,0.0,14.464285714285703,1.0,,28,
255_1,win_only,speed_hr,0.0,0.0,1.0,,6,
255_1,win_only,speed_vo2,0.0,0.0,1.0,,6,
255_1,tol_only,speed_hr,0.0,14.285714285714285,1.0,,28,
255_1,tol_only,speed_vo2,0.0,14.464285714285703,1.0,,28,
255_1,v2_calibrated,speed_hr,0.0,0.0,1.0,,6,
255_1,v2_calibrated,speed_vo2,0.0,0.0,1.0,,6,
255_1,v2_cal_lag3,speed_hr,0.0,3.3333333333331434,1.0,,6,
255_1,v2_cal_lag3,speed_vo2,0.0,0.0,1.0,,6,
259_1,default_samples,speed_hr,0.0,22.22222222222222,1.0,,18,
259_1,default_samples,speed_vo2,0.0,0.0,1.0,,18,
259_1,published,speed_hr,10.81081081081081,19.054054054054046,0.297029702970297,-1.0,37,2.0
259_1,published,speed_vo2,10.81081081081081,13.513513513513514,0.2079207920792079,-6.0,37,12.0
259_1,win_only,speed_hr,0.0,0.0,1.0,,8,
259_1,win_only,speed_vo2,0.0,0.0,1.0,,8,
259_1,tol_only,speed_hr,10.81081081081081,19.054054054054046,0.297029702970297,-1.0,37,2.0
259_1,tol_only,speed_vo2,10.81081081081081,13.513513513513514,0.2079207920792079,-6.0,37,12.0
259_1,v2_calibrated,speed_hr,0.0,2.499999999999858,1.0,,8,
259_1,v2_calibrated,speed_vo2,0.0,50.0,1.0,,8,
259_1,v2_cal_lag3,speed_hr,0.0,50.0,1.0,,8,
259_1,v2_cal_lag3,speed_vo2,0.0,0.0,1.0,,8,
262_1,default_samples,speed_hr,0.0,20.0,1.0,,20,
262_1,default_samples,speed_vo2,0.0,0.0,1.0,,20,
262_1,published,speed_hr,0.0,12.3170731707317,1.0,,41,
262_1,published,speed_vo2,21.951219512195124,10.243902439024362,0.019801980198019802,-6.0,41,12.0
262_1,win_only,speed_hr,0.0,0.0,1.0,,9,
262_1,win_only,speed_vo2,0.0,0.0,1.0,,9,
262_1,tol_only,speed_hr,0.0,12.3170731707317,1.0,,41,
262_1,tol_only,speed_vo2,21.951219512195124,10.243902439024362,0.019801980198019802,-6.0,41,12.0
262_1,v2_calibrated,speed_hr,0.0,44.44444444444444,1.0,,9,
262_1,v2_calibrated,speed_vo2,0.0,44.999999999999964,1.0,,9,
262_1,v2_cal_lag3,speed_hr,44.44444444444444,0.0,0.0297029702970297,37.5,9,-75.0
262_1,v2_cal_lag3,speed_vo2,0.0,0.0,1.0,,9,
266_1,default_samples,speed_hr,0.0,0.0,1.0,,17,
266_1,default_samples,speed_vo2,0.0,0.0,1.0,,17,
266_1,published,speed_hr,0.0,14.02777777777777,1.0,,36,
266_1,published,speed_vo2,0.0,16.944444444444425,1.0,,36,
266_1,win_only,speed_hr,0.0,0.0,1.0,,8,
266_1,win_only,speed_vo2,0.0,0.0,1.0,,8,
266_1,tol_only,speed_hr,0.0,14.02777777777777,1.0,,36,
266_1,tol_only,speed_vo2,0.0,16.944444444444425,1.0,,36,
266_1,v2_calibrated,speed_hr,50.0,62.5,0.10891089108910891,13.0,8,-26.0
266_1,v2_calibrated,speed_vo2,0.0,62.5,1.0,,8,
266_1,v2_cal_lag3,speed_hr,50.0,62.5,0.1782178217821782,13.0,8,-26.0
266_1,v2_cal_lag3,speed_vo2,0.0,0.0,1.0,,8,
270_1,default_samples,speed_hr,0.0,1.249999999999929,1.0,,16,
270_1,default_samples,speed_vo2,0.0,25.0,1.0,,16,
270_1,published,speed_hr,14.705882352941178,14.705882352941178,0.0891089108910891,1.0,34,-2.0
270_1,published,speed_vo2,0.0,14.705882352941178,1.0,,34,
270_1,win_only,speed_hr,0.0,0.0,1.0,,7,
270_1,win_only,speed_vo2,0.0,0.0,1.0,,7,
270_1,tol_only,speed_hr,14.705882352941178,14.705882352941178,0.0891089108910891,1.0,34,-2.0
270_1,tol_only,speed_vo2,0.0,14.705882352941178,1.0,,34,
270_1,v2_calibrated,speed_hr,0.0,0.0,1.0,,7,
270_1,v2_calibrated,speed_vo2,0.0,0.0,1.0,,7,
270_1,v2_cal_lag3,speed_hr,0.0,57.14285714285714,1.0,,7,
270_1,v2_cal_lag3,speed_vo2,0.0,2.8571428571426947,1.0,,7,
274_1,default_samples,speed_hr,0.0,0.0,1.0,,18,
274_1,default_samples,speed_vo2,0.0,0.0,1.0,,18,
274_1,published,speed_hr,0.0,10.526315789473683,1.0,,38,
274_1,published,speed_vo2,13.157894736842104,13.157894736842104,0.07920792079207921,0.0,38,-0.0
274_1,win_only,speed_hr,0.0,0.0,1.0,,8,
274_1,win_only,speed_vo2,0.0,0.0,1.0,,8,
274_1,tol_only,speed_hr,0.0,0.0,1.0,,38,
274_1,tol_only,speed_vo2,0.0,0.0,1.0,,38,
274_1,v2_calibrated,speed_hr,0.0,50.0,1.0,,8,
274_1,v2_calibrated,speed_vo2,50.0,50.0,0.24752475247524752,27.5,8,-55.0
274_1,v2_cal_lag3,speed_hr,0.0,0.0,1.0,,8,
274_1,v2_cal_lag3,speed_vo2,50.0,50.0,0.06930693069306931,27.5,8,-55.0
278_1,default_samples,speed_hr,0.0,0.0,1.0,,16,
278_1,default_samples,speed_vo2,0.0,0.0,1.0,,16,
278_1,published,speed_hr,12.121212121212121,12.272727272727264,0.24752475247524752,1.5,33,-3.0
278_1,published,speed_vo2,0.0,15.151515151515152,1.0,,33,
278_1,win_only,speed_hr,0.0,0.0,1.0,,7,
278_1,win_only,speed_vo2,0.0,0.0,1.0,,7,
278_1,tol_only,speed_hr,12.121212121212121,12.272727272727264,0.24752475247524752,1.5,33,-3.0
278_1,tol_only,speed_vo2,0.0,15.151515151515152,1.0,,33,
278_1,v2_calibrated,speed_hr,0.0,71.42857142857143,1.0,,7,
278_1,v2_calibrated,speed_vo2,0.0,0.0,1.0,,7,
278_1,v2_cal_lag3,speed_hr,0.0,57.14285714285714,1.0,,7,
278_1,v2_cal_lag3,speed_vo2,0.0,0.0,1.0,,7,
281_1,default_samples,speed_hr,0.0,0.0,1.0,,11,
281_1,default_samples,speed_vo2,0.0,0.0,1.0,,11,
281_1,published,speed_hr,16.666666666666664,16.874999999999986,0.13861386138613863,-9.5,24,19.0
281_1,published,speed_vo2,0.0,16.666666666666664,1.0,,24,
281_1,win_only,speed_hr,0.0,0.0,1.0,,5,
281_1,win_only,speed_vo2,0.0,0.0,1.0,,5,
281_1,tol_only,speed_hr,16.666666666666664,16.874999999999986,0.13861386138613863,-9.5,24,19.0
281_1,tol_only,speed_vo2,0.0,16.666666666666664,1.0,,24,
281_1,v2_calibrated,speed_hr,0.0,0.0,1.0,,5,
281_1,v2_calibrated,speed_vo2,0.0,0.0,1.0,,5,
281_1,v2_cal_lag3,speed_hr,0.0,3.9999999999997726,1.0,,5,
281_1,v2_cal_lag3,speed_vo2,0.0,100.0,1.0,,5,
286_1,default_samples,speed_hr,0.0,0.0,1.0,,16,
286_1,default_samples,speed_vo2,0.0,0.0,1.0,,16,
286_1,published,speed_hr,0.0,15.151515151515152,1.0,,33,
286_1,published,speed_vo2,0.0,12.121212121212121,1.0,,33,
286_1,win_only,speed_hr,0.0,0.0,1.0,,7,
286_1,win_only,speed_vo2,0.0,0.0,1.0,,7,
286_1,tol_only,speed_hr,0.0,0.0,1.0,,33,
286_1,tol_only,speed_vo2,0.0,0.0,1.0,,33,
286_1,v2_calibrated,speed_hr,0.0,0.0,1.0,,7,
286_1,v2_calibrated,speed_vo2,0.0,57.14285714285714,1.0,,7,
286_1,v2_cal_lag3,speed_hr,0.0,0.0,1.0,,7,
286_1,v2_cal_lag3,speed_vo2,0.0,57.14285714285714,1.0,,7,
28_1,default_samples,speed_hr,0.0,0.0,1.0,,17,
28_1,default_samples,speed_vo2,0.0,0.0,1.0,,17,
28_1,published,speed_hr,0.0,11.571428571428564,1.0,,35,
28_1,published,speed_vo2,0.0,11.428571428571429,1.0,,35,
28_1,win_only,speed_hr,0.0,0.0,1.0,,8,
28_1,win_only,speed_vo2,0.0,0.0,1.0,,8,
28_1,tol_only,speed_hr,0.0,11.571428571428564,1.0,,35,
28_1,tol_only,speed_vo2,0.0,11.428571428571429,1.0,,35,
28_1,v2_calibrated,speed_hr,0.0,50.0,1.0,,8,
28_1,v2_calibrated,speed_vo2,0.0,0.0,1.0,,8,
28_1,v2_cal_lag3,speed_hr,0.0,50.0,1.0,,8,
28_1,v2_cal_lag3,speed_vo2,0.0,0.0,1.0,,8,
293_1,default_samples,speed_hr,0.0,0.0,1.0,,15,
293_1,default_samples,speed_vo2,0.0,26.666666666666668,1.0,,15,
293_1,published,speed_hr,0.0,12.903225806451612,1.0,,31,
293_1,published,speed_vo2,0.0,12.903225806451612,1.0,,31,
293_1,win_only,speed_hr,0.0,0.0,1.0,,7,
293_1,win_only,speed_vo2,0.0,0.0,1.0,,7,
293_1,tol_only,speed_hr,0.0,12.903225806451612,1.0,,31,
293_1,tol_only,speed_vo2,0.0,12.903225806451612,1.0,,31,
293_1,v2_calibrated,speed_hr,0.0,57.14285714285714,1.0,,7,
293_1,v2_calibrated,speed_vo2,0.0,57.14285714285714,1.0,,7,
293_1,v2_cal_lag3,speed_hr,0.0,0.0,1.0,,7,
293_1,v2_cal_lag3,speed_vo2,0.0,0.0,1.0,,7,
298_1,default_samples,speed_hr,0.0,0.0,1.0,,12,
298_1,default_samples,speed_vo2,0.0,0.0,1.0,,12,
298_1,published,speed_hr,0.0,16.0,1.0,,25,
298_1,published,speed_vo2,0.0,16.0,1.0,,25,
298_1,win_only,speed_hr,0.0,0.0,1.0,,5,
298_1,win_only,speed_vo2,0.0,0.0,1.0,,5,
298_1,tol_only,speed_hr,0.0,16.0,1.0,,25,
298_1,tol_only,speed_vo2,0.0,16.0,1.0,,25,
298_1,v2_calibrated,speed_hr,0.0,3.9999999999997726,1.0,,5,
298_1,v2_calibrated,speed_vo2,0.0,0.0,1.0,,5,
298_1,v2_cal_lag3,speed_hr,0.0,0.0,1.0,,5,
298_1,v2_cal_lag3,speed_vo2,0.0,0.0,1.0,,5,
300_1,default_samples,speed_hr,0.0,0.0,1.0,,11,
300_1,default_samples,speed_vo2,0.0,0.0,1.0,,11,
300_1,published,speed_hr,0.0,21.73913043478261,1.0,,23,
300_1,published,speed_vo2,0.0,21.73913043478261,1.0,,23,
300_1,win_only,speed_hr,0.0,0.0,1.0,,5,
300_1,win_only,speed_vo2,0.0,0.0,1.0,,5,
300_1,tol_only,speed_hr,0.0,21.73913043478261,1.0,,23,
300_1,tol_only,speed_vo2,0.0,21.73913043478261,1.0,,23,
300_1,v2_calibrated,speed_hr,0.0,80.0,1.0,,5,
300_1,v2_calibrated,speed_vo2,0.0,0.0,1.0,,5,
300_1,v2_cal_lag3,speed_hr,0.0,80.0,1.0,,5,
300_1,v2_cal_lag3,speed_vo2,0.0,0.0,1.0,,5,
304_1,default_samples,speed_hr,0.0,0.0,1.0,,13,
304_1,default_samples,speed_vo2,0.0,0.0,1.0,,13,
304_1,published,speed_hr,14.814814814814813,14.814814814814813,0.16831683168316833,0.0,27,-0.0
304_1,published,speed_vo2,0.0,14.814814814814813,1.0,,27,
304_1,win_only,speed_hr,0.0,0.0,1.0,,6,
304_1,win_only,speed_vo2,0.0,0.0,1.0,,6,
304_1,tol_only,speed_hr,14.814814814814813,14.814814814814813,0.16831683168316833,0.0,27,-0.0
304_1,tol_only,speed_vo2,0.0,14.814814814814813,1.0,,27,
304_1,v2_calibrated,speed_hr,0.0,0.0,1.0,,6,
304_1,v2_calibrated,speed_vo2,0.0,0.0,1.0,,6,
304_1,v2_cal_lag3,speed_hr,0.0,0.0,1.0,,6,
304_1,v2_cal_lag3,speed_vo2,0.0,0.0,1.0,,6,
308_1,default_samples,speed_hr,0.0,0.0,1.0,,14,
308_1,default_samples,speed_vo2,0.0,0.0,1.0,,14,
308_1,published,speed_hr,13.333333333333334,16.666666666666664,0.33663366336633666,-7.0,30,14.0
308_1,published,speed_vo2,0.0,16.83333333333332,1.0,,30,
308_1,win_only,speed_hr,0.0,0.0,1.0,,6,
308_1,win_only,speed_vo2,0.0,0.0,1.0,,6,
308_1,tol_only,speed_hr,13.333333333333334,16.666666666666664,0.33663366336633666,-7.0,30,14.0
308_1,tol_only,speed_vo2,0.0,16.83333333333332,1.0,,30,
308_1,v2_calibrated,speed_hr,0.0,66.66666666666666,1.0,,6,
308_1,v2_calibrated,speed_vo2,0.0,0.0,1.0,,6,
308_1,v2_cal_lag3,speed_hr,0.0,66.66666666666666,1.0,,6,
308_1,v2_cal_lag3,speed_vo2,0.0,0.0,1.0,,6,
312_1,default_samples,speed_hr,0.0,0.0,1.0,,13,
312_1,default_samples,speed_vo2,0.0,0.0,1.0,,13,
312_1,published,speed_hr,14.814814814814813,14.999999999999988,0.19801980198019803,6.0,27,-12.0
312_1,published,speed_vo2,0.0,14.814814814814813,1.0,,27,
312_1,win_only,speed_hr,0.0,0.0,1.0,,6,
312_1,win_only,speed_vo2,0.0,0.0,1.0,,6,
312_1,tol_only,speed_hr,14.814814814814813,14.999999999999988,0.19801980198019803,6.0,27,-12.0
312_1,tol_only,speed_vo2,0.0,14.814814814814813,1.0,,27,
312_1,v2_calibrated,speed_hr,0.0,0.0,1.0,,6,
312_1,v2_calibrated,speed_vo2,0.0,0.0,1.0,,6,
312_1,v2_cal_lag3,speed_hr,0.0,66.66666666666666,1.0,,6,
312_1,v2_cal_lag3,speed_vo2,0.0,0.0,1.0,,6,
316_1,default_samples,speed_hr,0.0,0.0,1.0,,17,
316_1,default_samples,speed_vo2,0.0,0.0,1.0,,17,
316_1,published,speed_hr,11.11111111111111,11.11111111111111,0.10891089108910891,0.0,36,-0.0
316_1,published,speed_vo2,0.0,13.88888888888889,1.0,,36,
316_1,win_only,speed_hr,0.0,0.0,1.0,,8,
316_1,win_only,speed_vo2,0.0,0.0,1.0,,8,
316_1,tol_only,speed_hr,11.11111111111111,11.11111111111111,0.10891089108910891,0.0,36,-0.0
316_1,tol_only,speed_vo2,0.0,13.88888888888889,1.0,,36,
316_1,v2_calibrated,speed_hr,0.0,0.0,1.0,,8,
316_1,v2_calibrated,speed_vo2,50.0,62.5,0.0891089108910891,-5.0,8,10.0
316_1,v2_cal_lag3,speed_hr,0.0,2.499999999999858,1.0,,8,
316_1,v2_cal_lag3,speed_vo2,50.0,50.0,0.16831683168316833,-5.0,8,10.0
31_1,default_samples,speed_hr,0.0,0.0,1.0,,20,
31_1,default_samples,speed_vo2,20.0,0.0,0.0297029702970297,-8.0,20,16.0
31_1,published,speed_hr,0.0,16.785714285714278,1.0,,42,
31_1,published,speed_vo2,0.0,12.023809523809515,1.0,,42,
31_1,win_only,speed_hr,0.0,0.0,1.0,,9,
31_1,win_only,speed_vo2,0.0,0.0,1.0,,9,
31_1,tol_only,speed_hr,0.0,16.785714285714278,1.0,,42,
31_1,tol_only,speed_vo2,0.0,12.023809523809515,1.0,,42,
31_1,v2_calibrated,speed_hr,0.0,0.0,1.0,,9,
31_1,v2_calibrated,speed_vo2,0.0,0.0,1.0,,9,
31_1,v2_cal_lag3,speed_hr,0.0,0.0,1.0,,9,
31_1,v2_cal_lag3,speed_vo2,0.0,0.0,1.0,,9,
323_1,default_samples,speed_hr,0.0,0.0,1.0,,10,
323_1,default_samples,speed_vo2,0.0,0.0,1.0,,10,
323_1,published,speed_hr,0.0,18.181818181818183,1.0,,22,
323_1,published,speed_vo2,0.0,18.181818181818183,1.0,,22,
323_1,win_only,speed_hr,0.0,0.0,1.0,,4,
323_1,win_only,speed_vo2,0.0,0.0,1.0,,4,
323_1,tol_only,speed_hr,0.0,18.181818181818183,1.0,,22,
323_1,tol_only,speed_vo2,0.0,18.181818181818183,1.0,,22,
323_1,v2_calibrated,speed_hr,0.0,0.0,1.0,,4,
323_1,v2_calibrated,speed_vo2,0.0,0.0,1.0,,4,
323_1,v2_cal_lag3,speed_hr,0.0,0.0,1.0,,4,
323_1,v2_cal_lag3,speed_vo2,0.0,0.0,1.0,,4,
328_1,default_samples,speed_hr,0.0,0.0,1.0,,17,
328_1,default_samples,speed_vo2,0.0,0.0,1.0,,17,
328_1,published,speed_hr,11.428571428571429,14.285714285714285,0.2079207920792079,0.0,35,-0.0
328_1,published,speed_vo2,0.0,11.428571428571429,1.0,,35,
328_1,win_only,speed_hr,0.0,0.0,1.0,,8,
328_1,win_only,speed_vo2,0.0,0.0,1.0,,8,
328_1,tol_only,speed_hr,11.428571428571429,14.285714285714285,0.2079207920792079,0.0,35,-0.0
328_1,tol_only,speed_vo2,0.0,11.428571428571429,1.0,,35,
328_1,v2_calibrated,speed_hr,0.0,50.0,1.0,,8,
328_1,v2_calibrated,speed_vo2,0.0,75.0,1.0,,8,
328_1,v2_cal_lag3,speed_hr,0.0,50.0,1.0,,8,
328_1,v2_cal_lag3,speed_vo2,0.0,62.5,1.0,,8,
331_1,default_samples,speed_hr,0.0,0.0,1.0,,16,
331_1,default_samples,speed_vo2,0.0,0.0,1.0,,16,
331_1,published,speed_hr,11.76470588235294,17.794117647058815,0.26732673267326734,-3.5,34,7.0
331_1,published,speed_vo2,0.0,14.705882352941178,1.0,,34,
331_1,win_only,speed_hr,0.0,0.0,1.0,,7,
331_1,win_only,speed_vo2,0.0,0.0,1.0,,7,
331_1,tol_only,speed_hr,11.76470588235294,17.794117647058815,0.26732673267326734,-3.5,34,7.0
331_1,tol_only,speed_vo2,0.0,14.705882352941178,1.0,,34,
331_1,v2_calibrated,speed_hr,0.0,2.8571428571426947,1.0,,7,
331_1,v2_calibrated,speed_vo2,57.14285714285714,57.14285714285714,0.13861386138613863,5.0,7,-10.0
331_1,v2_cal_lag3,speed_hr,0.0,57.14285714285714,1.0,,7,
331_1,v2_cal_lag3,speed_vo2,0.0,0.0,1.0,,7,
335_1,default_samples,speed_hr,0.0,0.0,1.0,,16,
335_1,default_samples,speed_vo2,0.0,0.0,1.0,,16,
335_1,published,speed_hr,0.0,11.76470588235294,1.0,,34,
335_1,published,speed_vo2,0.0,14.705882352941178,1.0,,34,
335_1,win_only,speed_hr,0.0,0.0,1.0,,7,
335_1,win_only,speed_vo2,0.0,0.0,1.0,,7,
335_1,tol_only,speed_hr,0.0,11.76470588235294,1.0,,34,
335_1,tol_only,speed_vo2,0.0,14.705882352941178,1.0,,34,
335_1,v2_calibrated,speed_hr,0.0,0.0,1.0,,7,
335_1,v2_calibrated,speed_vo2,0.0,57.14285714285714,1.0,,7,
335_1,v2_cal_lag3,speed_hr,0.0,0.0,1.0,,7,
335_1,v2_cal_lag3,speed_vo2,0.0,0.0,1.0,,7,
33_1,default_samples,speed_hr,0.0,0.0,1.0,,18,
33_1,default_samples,speed_vo2,0.0,0.0,1.0,,18,
33_1,published,speed_hr,0.0,13.289473684210519,1.0,,38,
33_1,published,speed_vo2,10.526315789473683,13.157894736842104,0.24752475247524752,-1.0,38,2.0
33_1,win_only,speed_hr,0.0,0.0,1.0,,8,
33_1,win_only,speed_vo2,0.0,0.0,1.0,,8,
33_1,tol_only,speed_hr,0.0,13.289473684210519,1.0,,38,
33_1,tol_only,speed_vo2,10.526315789473683,13.157894736842104,0.24752475247524752,-1.0,38,2.0
33_1,v2_calibrated,speed_hr,50.0,0.0,0.009900990099009901,38.0,8,-76.0
33_1,v2_calibrated,speed_vo2,0.0,0.0,1.0,,8,
33_1,v2_cal_lag3,speed_hr,50.0,0.0,0.009900990099009901,37.0,8,-74.0
33_1,v2_cal_lag3,speed_vo2,0.0,0.0,1.0,,8,
343_1,default_samples,speed_hr,0.0,0.0,1.0,,17,
343_1,default_samples,speed_vo2,23.52941176470588,0.0,0.009900990099009901,-4.0,17,8.0
343_1,published,speed_hr,0.0,13.88888888888889,1.0,,36,
343_1,published,speed_vo2,11.11111111111111,11.11111111111111,0.22772277227722773,12.5,36,-25.0
343_1,win_only,speed_hr,0.0,0.0,1.0,,8,
343_1,win_only,speed_vo2,0.0,0.0,1.0,,8,
343_1,tol_only,speed_hr,0.0,13.88888888888889,1.0,,36,
343_1,tol_only,speed_vo2,11.11111111111111,11.11111111111111,0.22772277227722773,12.5,36,-25.0
343_1,v2_calibrated,speed_hr,0.0,2.499999999999858,1.0,,8,
343_1,v2_calibrated,speed_vo2,0.0,0.0,1.0,,8,
343_1,v2_cal_lag3,speed_hr,0.0,50.0,1.0,,8,
343_1,v2_cal_lag3,speed_vo2,0.0,0.0,1.0,,8,
347_1,default_samples,speed_hr,0.0,23.52941176470588,1.0,,17,
347_1,default_samples,speed_vo2,0.0,0.0,1.0,,17,
347_1,published,speed_hr,0.0,11.428571428571429,1.0,,35,
347_1,published,speed_vo2,22.857142857142858,11.428571428571429,0.009900990099009901,1.0,35,-2.0
347_1,win_only,speed_hr,0.0,0.0,1.0,,8,
347_1,win_only,speed_vo2,0.0,0.0,1.0,,8,
347_1,tol_only,speed_hr,0.0,11.428571428571429,1.0,,35,
347_1,tol_only,speed_vo2,22.857142857142858,11.428571428571429,0.009900990099009901,1.0,35,-2.0
347_1,v2_calibrated,speed_hr,0.0,50.0,1.0,,8,
347_1,v2_calibrated,speed_vo2,0.0,50.0,1.0,,8,
347_1,v2_cal_lag3,speed_hr,0.0,50.0,1.0,,8,
347_1,v2_cal_lag3,speed_vo2,0.0,0.0,1.0,,8,
350_1,default_samples,speed_hr,0.0,0.0,1.0,,17,
350_1,default_samples,speed_vo2,0.0,0.0,1.0,,17,
350_1,published,speed_hr,22.857142857142858,17.142857142857142,0.04950495049504951,10.5,35,-21.0
350_1,published,speed_vo2,0.0,11.428571428571429,1.0,,35,
350_1,win_only,speed_hr,0.0,0.0,1.0,,8,
350_1,win_only,speed_vo2,0.0,0.0,1.0,,8,
350_1,tol_only,speed_hr,22.857142857142858,17.142857142857142,0.04950495049504951,10.5,35,-21.0
350_1,tol_only,speed_vo2,0.0,11.428571428571429,1.0,,35,
350_1,v2_calibrated,speed_hr,0.0,0.0,1.0,,8,
350_1,v2_calibrated,speed_vo2,0.0,0.0,1.0,,8,
350_1,v2_cal_lag3,speed_hr,0.0,0.0,1.0,,8,
350_1,v2_cal_lag3,speed_vo2,50.0,0.0,0.039603960396039604,-17.5,8,35.0
355_1,default_samples,speed_hr,0.0,0.0,1.0,,18,
355_1,default_samples,speed_vo2,0.0,0.0,1.0,,18,
355_1,published,speed_hr,0.0,21.756756756756747,1.0,,37,
355_1,published,speed_vo2,0.0,10.81081081081081,1.0,,37,
355_1,win_only,speed_hr,0.0,0.0,1.0,,8,
355_1,win_only,speed_vo2,0.0,0.0,1.0,,8,
355_1,tol_only,speed_hr,0.0,21.756756756756747,1.0,,37,
355_1,tol_only,speed_vo2,0.0,10.81081081081081,1.0,,37,
355_1,v2_calibrated,speed_hr,0.0,50.0,1.0,,8,
355_1,v2_calibrated,speed_vo2,0.0,62.5,1.0,,8,
355_1,v2_cal_lag3,speed_hr,50.0,100.0,0.4752475247524752,-25.0,8,50.0
355_1,v2_cal_lag3,speed_vo2,0.0,50.0,1.0,,8,
359_1,default_samples,speed_hr,0.0,0.0,1.0,,17,
359_1,default_samples,speed_vo2,0.0,0.0,1.0,,17,
359_1,published,speed_hr,0.0,11.428571428571429,1.0,,35,
359_1,published,speed_vo2,0.0,11.571428571428564,1.0,,35,
359_1,win_only,speed_hr,0.0,0.0,1.0,,8,
359_1,win_only,speed_vo2,0.0,0.0,1.0,,8,
359_1,tol_only,speed_hr,0.0,11.428571428571429,1.0,,35,
359_1,tol_only,speed_vo2,0.0,11.571428571428564,1.0,,35,
359_1,v2_calibrated,speed_hr,0.0,50.0,1.0,,8,
359_1,v2_calibrated,speed_vo2,0.0,50.0,1.0,,8,
359_1,v2_cal_lag3,speed_hr,0.0,50.0,1.0,,8,
359_1,v2_cal_lag3,speed_vo2,0.0,0.0,1.0,,8,
362_1,default_samples,speed_hr,0.0,0.0,1.0,,17,
362_1,default_samples,speed_vo2,0.0,1.176470588235227,1.0,,17,
362_1,published,speed_hr,0.0,11.428571428571429,1.0,,35,
362_1,published,speed_vo2,22.857142857142858,14.285714285714285,0.039603960396039604,5.5,35,-11.0
362_1,win_only,speed_hr,0.0,0.0,1.0,,8,
362_1,win_only,speed_vo2,0.0,0.0,1.0,,8,
362_1,tol_only,speed_hr,0.0,11.428571428571429,1.0,,35,
362_1,tol_only,speed_vo2,22.857142857142858,14.285714285714285,0.039603960396039604,5.5,35,-11.0
362_1,v2_calibrated,speed_hr,0.0,0.0,1.0,,8,
362_1,v2_calibrated,speed_vo2,0.0,0.0,1.0,,8,
362_1,v2_cal_lag3,speed_hr,0.0,0.0,1.0,,8,
362_1,v2_cal_lag3,speed_vo2,0.0,0.0,1.0,,8,
366_1,default_samples,speed_hr,0.0,0.0,1.0,,17,
366_1,default_samples,speed_vo2,0.0,0.0,1.0,,17,
366_1,published,speed_hr,0.0,11.249999999999991,1.0,,36,
366_1,published,speed_vo2,16.666666666666664,13.88888888888889,0.04950495049504951,0.0,36,-0.0
366_1,win_only,speed_hr,0.0,0.0,1.0,,8,
366_1,win_only,speed_vo2,0.0,0.0,1.0,,8,
366_1,tol_only,speed_hr,0.0,11.249999999999991,1.0,,36,
366_1,tol_only,speed_vo2,16.666666666666664,13.88888888888889,0.04950495049504951,0.0,36,-0.0
366_1,v2_calibrated,speed_hr,50.0,50.0,0.13861386138613863,6.0,8,-12.0
366_1,v2_calibrated,speed_vo2,0.0,50.0,1.0,,8,
366_1,v2_cal_lag3,speed_hr,62.5,0.0,0.009900990099009901,7.0,8,-14.0
366_1,v2_cal_lag3,speed_vo2,0.0,50.0,1.0,,8,
370_1,default_samples,speed_hr,0.0,0.0,1.0,,15,
370_1,default_samples,speed_vo2,0.0,0.0,1.0,,15,
370_1,published,speed_hr,0.0,12.903225806451612,1.0,,31,
370_1,published,speed_vo2,0.0,13.064516129032247,1.0,,31,
370_1,win_only,speed_hr,0.0,0.0,1.0,,7,
370_1,win_only,speed_vo2,0.0,0.0,1.0,,7,
370_1,tol_only,speed_hr,0.0,12.903225806451612,1.0,,31,
370_1,tol_only,speed_vo2,0.0,13.064516129032247,1.0,,31,
370_1,v2_calibrated,speed_hr,0.0,0.0,1.0,,7,
370_1,v2_calibrated,speed_vo2,0.0,57.14285714285714,1.0,,7,
370_1,v2_cal_lag3,speed_hr,0.0,0.0,1.0,,7,
370_1,v2_cal_lag3,speed_vo2,0.0,57.14285714285714,1.0,,7,
374_1,default_samples,speed_hr,0.0,0.0,1.0,,19,
374_1,default_samples,speed_vo2,0.0,0.0,1.0,,19,
374_1,published,speed_hr,12.82051282051282,12.82051282051282,0.0891089108910891,9.0,39,-18.0
374_1,published,speed_vo2,0.0,12.82051282051282,1.0,,39,
374_1,win_only,speed_hr,0.0,0.0,1.0,,9,
374_1,win_only,speed_vo2,0.0,0.0,1.0,,9,
374_1,tol_only,speed_hr,12.82051282051282,12.82051282051282,0.0891089108910891,9.0,39,-18.0
374_1,tol_only,speed_vo2,0.0,12.82051282051282,1.0,,39,
374_1,v2_calibrated,speed_hr,44.44444444444444,44.44444444444444,0.32673267326732675,-22.5,9,45.0
374_1,v2_calibrated,speed_vo2,0.0,0.0,1.0,,9,
374_1,v2_cal_lag3,speed_hr,55.55555555555556,44.44444444444444,0.019801980198019802,-24.0,9,48.0
374_1,v2_cal_lag3,speed_vo2,0.0,0.0,1.0,,9,
378_1,default_samples,speed_hr,0.0,0.0,1.0,,17,
378_1,default_samples,speed_vo2,0.0,1.176470588235227,1.0,,17,
378_1,published,speed_hr,0.0,11.11111111111111,1.0,,36,
378_1,published,speed_vo2,0.0,11.11111111111111,1.0,,36,
378_1,win_only,speed_hr,0.0,0.0,1.0,,8,
378_1,win_only,speed_vo2,0.0,0.0,1.0,,8,
378_1,tol_only,speed_hr,0.0,11.11111111111111,1.0,,36,
378_1,tol_only,speed_vo2,0.0,11.11111111111111,1.0,,36,
378_1,v2_calibrated,speed_hr,0.0,50.0,1.0,,8,
378_1,v2_calibrated,speed_vo2,0.0,62.5,1.0,,8,
378_1,v2_cal_lag3,speed_hr,0.0,50.0,1.0,,8,
378_1,v2_cal_lag3,speed_vo2,50.0,50.0,0.15841584158415842,-28.0,8,56.0
386_1,default_samples,speed_hr,0.0,0.0,1.0,,18,
386_1,default_samples,speed_vo2,0.0,0.0,1.0,,18,
386_1,published,speed_hr,0.0,13.513513513513514,1.0,,37,
386_1,published,speed_vo2,10.81081081081081,13.513513513513514,0.3069306930693069,-0.5,37,1.0
386_1,win_only,speed_hr,0.0,0.0,1.0,,8,
386_1,win_only,speed_vo2,0.0,0.0,1.0,,8,
386_1,tol_only,speed_hr,0.0,13.513513513513514,1.0,,37,
386_1,tol_only,speed_vo2,10.81081081081081,13.513513513513514,0.3069306930693069,-0.5,37,1.0
386_1,v2_calibrated,speed_hr,0.0,50.624999999999964,1.0,,8,
386_1,v2_calibrated,speed_vo2,50.0,50.0,0.1188118811881188,30.5,8,-61.0
386_1,v2_cal_lag3,speed_hr,0.0,0.0,1.0,,8,
386_1,v2_cal_lag3,speed_vo2,0.0,0.0,1.0,,8,
38_1,default_samples,speed_hr,0.0,0.0,1.0,,17,
38_1,default_samples,speed_vo2,0.0,0.0,1.0,,17,
38_1,published,speed_hr,0.0,14.305555555555532,1.0,,36,
38_1,published,speed_vo2,0.0,13.88888888888889,1.0,,36,
38_1,win_only,speed_hr,0.0,0.0,1.0,,8,
38_1,win_only,speed_vo2,0.0,0.0,1.0,,8,
38_1,tol_only,speed_hr,0.0,14.305555555555532,1.0,,36,
38_1,tol_only,speed_vo2,0.0,13.88888888888889,1.0,,36,
38_1,v2_calibrated,speed_hr,0.0,0.0,1.0,,8,
38_1,v2_calibrated,speed_vo2,0.0,0.0,1.0,,8,
38_1,v2_cal_lag3,speed_hr,0.0,62.5,1.0,,8,
38_1,v2_cal_lag3,speed_vo2,0.0,2.499999999999858,1.0,,8,
393_1,default_samples,speed_hr,0.0,0.0,1.0,,19,
393_1,default_samples,speed_vo2,0.0,0.0,1.0,,19,
393_1,published,speed_hr,0.0,15.384615384615385,1.0,,39,
393_1,published,speed_vo2,0.0,10.256410256410255,1.0,,39,
393_1,win_only,speed_hr,0.0,0.0,1.0,,9,
393_1,win_only,speed_vo2,0.0,0.0,1.0,,9,
393_1,tol_only,speed_hr,0.0,15.384615384615385,1.0,,39,
393_1,tol_only,speed_vo2,0.0,10.256410256410255,1.0,,39,
393_1,v2_calibrated,speed_hr,0.0,0.0,1.0,,9,
393_1,v2_calibrated,speed_vo2,0.0,0.0,1.0,,9,
393_1,v2_cal_lag3,speed_hr,0.0,0.0,1.0,,9,
393_1,v2_cal_lag3,speed_vo2,44.44444444444444,44.44444444444444,0.06930693069306931,-17.0,9,34.0
398_1,default_samples,speed_hr,0.0,19.230769230769234,1.0,,26,
398_1,default_samples,speed_vo2,0.0,15.384615384615385,1.0,,26,
398_1,published,speed_hr,7.4074074074074066,14.814814814814813,0.5643564356435643,-5.5,54,11.0
398_1,published,speed_vo2,20.37037037037037,14.814814814814813,0.0297029702970297,8.0,54,-16.0
398_1,win_only,speed_hr,0.0,0.0,1.0,,12,
398_1,win_only,speed_vo2,0.0,0.0,1.0,,12,
398_1,tol_only,speed_hr,7.4074074074074066,14.814814814814813,0.5643564356435643,-5.5,54,11.0
398_1,tol_only,speed_vo2,20.37037037037037,14.814814814814813,0.0297029702970297,8.0,54,-16.0
398_1,v2_calibrated,speed_hr,0.0,33.33333333333333,1.0,,12,
398_1,v2_calibrated,speed_vo2,0.0,33.33333333333333,1.0,,12,
398_1,v2_cal_lag3,speed_hr,0.0,33.33333333333333,1.0,,12,
398_1,v2_cal_lag3,speed_vo2,0.0,33.33333333333333,1.0,,12,
400_1,default_samples,speed_hr,0.0,0.9090909090908575,1.0,,22,
400_1,default_samples,speed_vo2,0.0,0.0,1.0,,22,
400_1,published,speed_hr,8.88888888888889,13.555555555555543,0.32673267326732675,-11.0,45,22.0
400_1,published,speed_vo2,0.0,13.555555555555543,1.0,,45,
400_1,win_only,speed_hr,0.0,0.0,1.0,,10,
400_1,win_only,speed_vo2,0.0,0.0,1.0,,10,
400_1,tol_only,speed_hr,8.88888888888889,13.555555555555543,0.32673267326732675,-11.0,45,22.0
400_1,tol_only,speed_vo2,0.0,13.555555555555543,1.0,,45,
400_1,v2_calibrated,speed_hr,0.0,50.0,1.0,,10,
400_1,v2_calibrated,speed_vo2,0.0,40.0,1.0,,10,
400_1,v2_cal_lag3,speed_hr,0.0,0.0,1.0,,10,
400_1,v2_cal_lag3,speed_vo2,0.0,0.0,1.0,,10,
404_1,default_samples,speed_hr,0.0,26.666666666666668,1.0,,15,
404_1,default_samples,speed_vo2,0.0,0.0,1.0,,15,
404_1,published,speed_hr,15.625,22.031249999999993,0.22772277227722773,-10.0,32,20.0
404_1,published,speed_vo2,0.0,12.656249999999991,1.0,,32,
404_1,win_only,speed_hr,0.0,0.0,1.0,,7,
404_1,win_only,speed_vo2,0.0,0.0,1.0,,7,
404_1,tol_only,speed_hr,15.625,22.031249999999993,0.22772277227722773,-10.0,32,20.0
404_1,tol_only,speed_vo2,0.0,12.656249999999991,1.0,,32,
404_1,v2_calibrated,speed_hr,0.0,57.14285714285714,1.0,,7,
404_1,v2_calibrated,speed_vo2,0.0,0.0,1.0,,7,
404_1,v2_cal_lag3,speed_hr,57.14285714285714,57.14285714285714,0.38613861386138615,-10.5,7,21.0
404_1,v2_cal_lag3,speed_vo2,0.0,0.0,1.0,,7,
409_1,default_samples,speed_hr,0.0,0.0,1.0,,18,
409_1,default_samples,speed_vo2,0.0,0.0,1.0,,18,
409_1,published,speed_hr,0.0,13.513513513513514,1.0,,37,
409_1,published,speed_vo2,0.0,10.81081081081081,1.0,,37,
409_1,win_only,speed_hr,0.0,0.0,1.0,,8,
409_1,win_only,speed_vo2,0.0,0.0,1.0,,8,
409_1,tol_only,speed_hr,0.0,13.513513513513514,1.0,,37,
409_1,tol_only,speed_vo2,0.0,10.81081081081081,1.0,,37,
409_1,v2_calibrated,speed_hr,0.0,0.0,1.0,,8,
409_1,v2_calibrated,speed_vo2,0.0,0.0,1.0,,8,
409_1,v2_cal_lag3,speed_hr,0.0,0.0,1.0,,8,
409_1,v2_cal_lag3,speed_vo2,0.0,50.0,1.0,,8,
412_1,default_samples,speed_hr,0.0,0.0,1.0,,15,
412_1,default_samples,speed_vo2,0.0,26.666666666666668,1.0,,15,
412_1,published,speed_hr,12.903225806451612,12.903225806451612,0.16831683168316833,13.5,31,-27.0
412_1,published,speed_vo2,16.129032258064516,13.064516129032247,0.0594059405940594,3.0,31,-6.0
412_1,win_only,speed_hr,0.0,0.0,1.0,,7,
412_1,win_only,speed_vo2,0.0,0.0,1.0,,7,
412_1,tol_only,speed_hr,12.903225806451612,12.903225806451612,0.16831683168316833,13.5,31,-27.0
412_1,tol_only,speed_vo2,16.129032258064516,13.064516129032247,0.0594059405940594,3.0,31,-6.0
412_1,v2_calibrated,speed_hr,0.0,71.42857142857143,1.0,,7,
412_1,v2_calibrated,speed_vo2,57.14285714285714,57.14285714285714,0.2079207920792079,23.0,7,-46.0
412_1,v2_cal_lag3,speed_hr,0.0,0.0,1.0,,7,
412_1,v2_cal_lag3,speed_vo2,0.0,0.0,1.0,,7,
416_1,default_samples,speed_hr,0.0,0.0,1.0,,15,
416_1,default_samples,speed_vo2,0.0,0.0,1.0,,15,
416_1,published,speed_hr,0.0,12.903225806451612,1.0,,31,
416_1,published,speed_vo2,0.0,12.903225806451612,1.0,,31,
416_1,win_only,speed_hr,0.0,0.0,1.0,,7,
416_1,win_only,speed_vo2,0.0,0.0,1.0,,7,
416_1,tol_only,speed_hr,0.0,12.903225806451612,1.0,,31,
416_1,tol_only,speed_vo2,0.0,12.903225806451612,1.0,,31,
416_1,v2_calibrated,speed_hr,0.0,0.0,1.0,,7,
416_1,v2_calibrated,speed_vo2,0.0,57.14285714285714,1.0,,7,
416_1,v2_cal_lag3,speed_hr,0.0,0.0,1.0,,7,
416_1,v2_cal_lag3,speed_vo2,0.0,0.0,1.0,,7,
41_1,default_samples,speed_hr,0.0,0.0,1.0,,19,
41_1,default_samples,speed_vo2,0.0,0.0,1.0,,19,
41_1,published,speed_hr,22.5,15.0,0.009900990099009901,0.0,40,-0.0
41_1,published,speed_vo2,0.0,10.0,1.0,,40,
41_1,win_only,speed_hr,0.0,0.0,1.0,,9,
41_1,win_only,speed_vo2,0.0,0.0,1.0,,9,
41_1,tol_only,speed_hr,22.5,15.0,0.009900990099009901,0.0,40,-0.0
41_1,tol_only,speed_vo2,0.0,10.0,1.0,,40,
41_1,v2_calibrated,speed_hr,0.0,0.0,1.0,,9,
41_1,v2_calibrated,speed_vo2,66.66666666666666,44.44444444444444,0.009900990099009901,-1.0,9,2.0
41_1,v2_cal_lag3,speed_hr,0.0,0.0,1.0,,9,
41_1,v2_cal_lag3,speed_vo2,0.0,44.44444444444444,1.0,,9,
424_1,default_samples,speed_hr,0.0,0.0,1.0,,16,
424_1,default_samples,speed_vo2,0.0,0.0,1.0,,16,
424_1,published,speed_hr,0.0,14.852941176470582,1.0,,34,
424_1,published,speed_vo2,0.0,11.911764705882344,1.0,,34,
424_1,win_only,speed_hr,0.0,0.0,1.0,,7,
424_1,win_only,speed_vo2,0.0,0.0,1.0,,7,
424_1,tol_only,speed_hr,0.0,14.852941176470582,1.0,,34,
424_1,tol_only,speed_vo2,0.0,11.911764705882344,1.0,,34,
424_1,v2_calibrated,speed_hr,0.0,57.14285714285714,1.0,,7,
424_1,v2_calibrated,speed_vo2,0.0,57.14285714285714,1.0,,7,
424_1,v2_cal_lag3,speed_hr,0.0,0.0,1.0,,7,
424_1,v2_cal_lag3,speed_vo2,0.0,0.0,1.0,,7,
431_1,default_samples,speed_hr,0.0,18.181818181818183,1.0,,22,
431_1,default_samples,speed_vo2,0.0,0.0,1.0,,22,
431_1,published,speed_hr,0.0,10.869565217391305,1.0,,46,
431_1,published,speed_vo2,8.695652173913043,17.391304347826086,0.26732673267326734,-11.5,46,23.0
431_1,win_only,speed_hr,0.0,0.0,1.0,,10,
431_1,win_only,speed_vo2,0.0,0.0,1.0,,10,
431_1,tol_only,speed_hr,0.0,10.869565217391305,1.0,,46,
431_1,tol_only,speed_vo2,8.695652173913043,17.391304347826086,0.26732673267326734,-11.5,46,23.0
431_1,v2_calibrated,speed_hr,0.0,40.0,1.0,,10,
431_1,v2_calibrated,speed_vo2,0.0,40.0,1.0,,10,
431_1,v2_cal_lag3,speed_hr,0.0,40.0,1.0,,10,
431_1,v2_cal_lag3,speed_vo2,0.0,50.49999999999997,1.0,,10,
435_1,default_samples,speed_hr,0.0,0.0,1.0,,16,
435_1,default_samples,speed_vo2,0.0,1.249999999999929,1.0,,16,
435_1,published,speed_hr,0.0,11.76470588235294,1.0,,34,
435_1,published,speed_vo2,0.0,11.76470588235294,1.0,,34,
435_1,win_only,speed_hr,0.0,0.0,1.0,,7,
435_1,win_only,speed_vo2,0.0,57.14285714285714,1.0,,7,
435_1,tol_only,speed_hr,0.0,11.76470588235294,1.0,,34,
435_1,tol_only,speed_vo2,0.0,11.76470588235294,1.0,,34,
435_1,v2_calibrated,speed_hr,0.0,0.0,1.0,,7,
435_1,v2_calibrated,speed_vo2,0.0,57.14285714285714,1.0,,7,
435_1,v2_cal_lag3,speed_hr,0.0,0.0,1.0,,7,
435_1,v2_cal_lag3,speed_vo2,0.0,57.14285714285714,1.0,,7,
440_1,default_samples,speed_hr,0.0,0.0,1.0,,12,
440_1,default_samples,speed_vo2,0.0,0.0,1.0,,12,
440_1,published,speed_hr,0.0,16.0,1.0,,25,
440_1,published,speed_vo2,0.0,20.0,1.0,,25,
440_1,win_only,speed_hr,0.0,0.0,1.0,,5,
440_1,win_only,speed_vo2,0.0,0.0,1.0,,5,
440_1,tol_only,speed_hr,0.0,16.0,1.0,,25,
440_1,tol_only,speed_vo2,0.0,20.0,1.0,,25,
440_1,v2_calibrated,speed_hr,0.0,0.0,1.0,,5,
440_1,v2_calibrated,speed_vo2,0.0,80.0,1.0,,5,
440_1,v2_cal_lag3,speed_hr,0.0,0.0,1.0,,5,
440_1,v2_cal_lag3,speed_vo2,0.0,80.0,1.0,,5,
444_1,default_samples,speed_hr,0.0,0.0,1.0,,14,
444_1,default_samples,speed_vo2,0.0,0.0,1.0,,14,
444_1,published,speed_hr,0.0,17.166666666666636,1.0,,30,
444_1,published,speed_vo2,0.0,13.333333333333334,1.0,,30,
444_1,win_only,speed_hr,0.0,0.0,1.0,,6,
444_1,win_only,speed_vo2,0.0,0.0,1.0,,6,
444_1,tol_only,speed_hr,0.0,17.166666666666636,1.0,,30,
444_1,tol_only,speed_vo2,0.0,13.333333333333334,1.0,,30,
444_1,v2_calibrated,speed_hr,0.0,0.0,1.0,,6,
444_1,v2_calibrated,speed_vo2,0.0,66.66666666666666,1.0,,6,
444_1,v2_cal_lag3,speed_hr,0.0,0.0,1.0,,6,
444_1,v2_cal_lag3,speed_vo2,0.0,0.0,1.0,,6,
448_1,default_samples,speed_hr,25.0,0.0,0.009900990099009901,1.0,16,-2.0
448_1,default_samples,speed_vo2,0.0,25.0,1.0,,16,
448_1,published,speed_hr,0.0,12.121212121212121,1.0,,33,
448_1,published,speed_vo2,0.0,15.151515151515152,1.0,,33,
448_1,win_only,speed_hr,0.0,0.0,1.0,,7,
448_1,win_only,speed_vo2,0.0,0.0,1.0,,7,
448_1,tol_only,speed_hr,0.0,12.121212121212121,1.0,,33,
448_1,tol_only,speed_vo2,0.0,15.151515151515152,1.0,,33,
448_1,v2_calibrated,speed_hr,0.0,0.0,1.0,,7,
448_1,v2_calibrated,speed_vo2,0.0,57.14285714285714,1.0,,7,
448_1,v2_cal_lag3,speed_hr,0.0,0.0,1.0,,7,
448_1,v2_cal_lag3,speed_vo2,0.0,57.14285714285714,1.0,,7,
452_1,default_samples,speed_hr,0.0,0.0,1.0,,12,
452_1,default_samples,speed_vo2,0.0,0.0,1.0,,12,
452_1,published,speed_hr,0.0,19.230769230769234,1.0,,26,
452_1,published,speed_vo2,0.0,15.576923076923066,1.0,,26,
452_1,win_only,speed_hr,0.0,0.0,1.0,,5,
452_1,win_only,speed_vo2,0.0,0.0,1.0,,5,
452_1,tol_only,speed_hr,0.0,19.230769230769234,1.0,,26,
452_1,tol_only,speed_vo2,0.0,15.576923076923066,1.0,,26,
452_1,v2_calibrated,speed_hr,0.0,0.0,1.0,,5,
452_1,v2_calibrated,speed_vo2,0.0,0.0,1.0,,5,
452_1,v2_cal_lag3,speed_hr,0.0,0.0,1.0,,5,
452_1,v2_cal_lag3,speed_vo2,0.0,0.0,1.0,,5,
456_1,default_samples,speed_hr,0.0,0.0,1.0,,18,
456_1,default_samples,speed_vo2,0.0,0.0,1.0,,18,
456_1,published,speed_hr,0.0,13.157894736842104,1.0,,38,
456_1,published,speed_vo2,0.0,10.526315789473683,1.0,,38,
456_1,win_only,speed_hr,0.0,0.0,1.0,,8,
456_1,win_only,speed_vo2,0.0,0.0,1.0,,8,
456_1,tol_only,speed_hr,0.0,13.157894736842104,1.0,,38,
456_1,tol_only,speed_vo2,0.0,10.526315789473683,1.0,,38,
456_1,v2_calibrated,speed_hr,0.0,0.0,1.0,,8,
456_1,v2_calibrated,speed_vo2,0.0,50.0,1.0,,8,
456_1,v2_cal_lag3,speed_hr,0.0,0.0,1.0,,8,
456_1,v2_cal_lag3,speed_vo2,0.0,0.0,1.0,,8,
45_1,default_samples,speed_hr,21.052631578947366,21.052631578947366,0.09900990099009901,0.5,19,-1.0
45_1,default_samples,speed_vo2,0.0,0.0,1.0,,19,
45_1,published,speed_hr,23.076923076923077,12.82051282051282,0.009900990099009901,-11.0,39,22.0
45_1,published,speed_vo2,20.51282051282051,10.384615384615376,0.04950495049504951,-2.0,39,4.0
45_1,win_only,speed_hr,0.0,0.0,1.0,,9,
45_1,win_only,speed_vo2,0.0,0.0,1.0,,9,
45_1,tol_only,speed_hr,23.076923076923077,12.82051282051282,0.009900990099009901,-11.0,39,22.0
45_1,tol_only,speed_vo2,20.51282051282051,10.384615384615376,0.04950495049504951,-2.0,39,4.0
45_1,v2_calibrated,speed_hr,0.0,0.0,1.0,,9,
45_1,v2_calibrated,speed_vo2,0.0,0.0,1.0,,9,
45_1,v2_cal_lag3,speed_hr,0.0,55.55555555555556,1.0,,9,
45_1,v2_cal_lag3,speed_vo2,0.0,44.44444444444444,1.0,,9,
463_1,default_samples,speed_hr,0.0,0.0,1.0,,16,
463_1,default_samples,speed_vo2,0.0,25.0,1.0,,16,
463_1,published,speed_hr,0.0,11.76470588235294,1.0,,34,
463_1,published,speed_vo2,0.0,11.76470588235294,1.0,,34,
463_1,win_only,speed_hr,0.0,0.0,1.0,,7,
463_1,win_only,speed_vo2,0.0,0.0,1.0,,7,
463_1,tol_only,speed_hr,0.0,11.76470588235294,1.0,,34,
463_1,tol_only,speed_vo2,0.0,11.76470588235294,1.0,,34,
463_1,v2_calibrated,speed_hr,0.0,57.14285714285714,1.0,,7,
463_1,v2_calibrated,speed_vo2,0.0,0.0,1.0,,7,
463_1,v2_cal_lag3,speed_hr,0.0,0.0,1.0,,7,
463_1,v2_cal_lag3,speed_vo2,0.0,0.0,1.0,,7,
468_1,default_samples,speed_hr,0.0,0.0,1.0,,18,
468_1,default_samples,speed_vo2,27.77777777777778,0.0,0.009900990099009901,-8.0,18,16.0
468_1,published,speed_hr,18.421052631578945,13.157894736842104,0.039603960396039604,0.0,38,-0.0
468_1,published,speed_vo2,0.0,10.526315789473683,1.0,,38,
468_1,win_only,speed_hr,0.0,0.0,1.0,,8,
468_1,win_only,speed_vo2,0.0,0.0,1.0,,8,
468_1,tol_only,speed_hr,18.421052631578945,13.157894736842104,0.039603960396039604,0.0,38,-0.0
468_1,tol_only,speed_vo2,0.0,10.526315789473683,1.0,,38,
468_1,v2_calibrated,speed_hr,0.0,62.5,1.0,,8,
468_1,v2_calibrated,speed_vo2,0.0,0.0,1.0,,8,
468_1,v2_cal_lag3,speed_hr,0.0,50.0,1.0,,8,
468_1,v2_cal_lag3,speed_vo2,0.0,0.0,1.0,,8,
471_1,default_samples,speed_hr,0.0,0.0,1.0,,22,
471_1,default_samples,speed_vo2,0.0,18.181818181818183,1.0,,22,
471_1,published,speed_hr,0.0,17.77777777777778,1.0,,45,
471_1,published,speed_vo2,0.0,8.88888888888889,1.0,,45,
471_1,win_only,speed_hr,0.0,0.0,1.0,,10,
471_1,win_only,speed_vo2,0.0,0.0,1.0,,10,
471_1,tol_only,speed_hr,0.0,17.77777777777778,1.0,,45,
471_1,tol_only,speed_vo2,0.0,8.88888888888889,1.0,,45,
471_1,v2_calibrated,speed_hr,0.0,40.0,1.0,,10,
471_1,v2_calibrated,speed_vo2,0.0,50.0,1.0,,10,
471_1,v2_cal_lag3,speed_hr,0.0,40.0,1.0,,10,
471_1,v2_cal_lag3,speed_vo2,0.0,0.0,1.0,,10,
475_1,default_samples,speed_hr,0.0,29.411764705882355,1.0,,17,
475_1,default_samples,speed_vo2,0.0,0.0,1.0,,17,
475_1,published,speed_hr,0.0,11.428571428571429,1.0,,35,
475_1,published,speed_vo2,0.0,11.571428571428564,1.0,,35,
475_1,win_only,speed_hr,0.0,0.0,1.0,,8,
475_1,win_only,speed_vo2,0.0,0.0,1.0,,8,
475_1,tol_only,speed_hr,0.0,11.428571428571429,1.0,,35,
475_1,tol_only,speed_vo2,0.0,11.571428571428564,1.0,,35,
475_1,v2_calibrated,speed_hr,0.0,50.0,1.0,,8,
475_1,v2_calibrated,speed_vo2,0.0,0.0,1.0,,8,
475_1,v2_cal_lag3,speed_hr,0.0,50.0,1.0,,8,
475_1,v2_cal_lag3,speed_vo2,0.0,50.0,1.0,,8,
479_1,default_samples,speed_hr,0.0,0.0,1.0,,19,
479_1,default_samples,speed_vo2,0.0,0.0,1.0,,19,
479_1,published,speed_hr,30.76923076923077,15.384615384615385,0.009900990099009901,0.0,39,-0.0
479_1,published,speed_vo2,15.384615384615385,20.51282051282051,0.07920792079207921,-0.5,39,1.0
479_1,win_only,speed_hr,0.0,0.0,1.0,,9,
479_1,win_only,speed_vo2,0.0,0.0,1.0,,9,
479_1,tol_only,speed_hr,30.76923076923077,15.384615384615385,0.009900990099009901,0.0,39,-0.0
479_1,tol_only,speed_vo2,15.384615384615385,20.51282051282051,0.07920792079207921,-0.5,39,1.0
479_1,v2_calibrated,speed_hr,0.0,0.0,1.0,,9,
479_1,v2_calibrated,speed_vo2,0.0,0.0,1.0,,9,
479_1,v2_cal_lag3,speed_hr,0.0,0.0,1.0,,9,
479_1,v2_cal_lag3,speed_vo2,0.0,0.0,1.0,,9,
483_1,default_samples,speed_hr,0.0,0.0,1.0,,17,
483_1,default_samples,speed_vo2,0.0,0.0,1.0,,17,
483_1,published,speed_hr,0.0,14.714285714285689,1.0,,35,
483_1,published,speed_vo2,11.428571428571429,11.428571428571429,0.25742574257425743,0.0,35,-0.0
483_1,win_only,speed_hr,0.0,0.0,1.0,,8,
483_1,win_only,speed_vo2,0.0,50.0,1.0,,8,
483_1,tol_only,speed_hr,0.0,14.714285714285689,1.0,,35,
483_1,tol_only,speed_vo2,11.428571428571429,11.428571428571429,0.25742574257425743,0.0,35,-0.0
483_1,v2_calibrated,speed_hr,0.0,0.0,1.0,,8,
483_1,v2_calibrated,speed_vo2,0.0,50.0,1.0,,8,
483_1,v2_cal_lag3,speed_hr,0.0,0.0,1.0,,8,
483_1,v2_cal_lag3,speed_vo2,0.0,0.0,1.0,,8,
487_1,default_samples,speed_hr,0.0,0.0,1.0,,15,
487_1,default_samples,speed_vo2,0.0,0.0,1.0,,15,
487_1,published,speed_hr,0.0,15.625,1.0,,32,
487_1,published,speed_vo2,12.5,12.5,0.2079207920792079,0.5,32,-1.0
487_1,win_only,speed_hr,0.0,0.0,1.0,,7,
487_1,win_only,speed_vo2,0.0,0.0,1.0,,7,
487_1,tol_only,speed_hr,0.0,15.625,1.0,,32,
487_1,tol_only,speed_vo2,12.5,12.5,0.2079207920792079,0.5,32,-1.0
487_1,v2_calibrated,speed_hr,0.0,0.0,1.0,,7,
487_1,v2_calibrated,speed_vo2,0.0,57.14285714285714,1.0,,7,
487_1,v2_cal_lag3,speed_hr,0.0,0.0,1.0,,7,
487_1,v2_cal_lag3,speed_vo2,0.0,0.0,1.0,,7,
490_1,default_samples,speed_hr,0.0,0.0,1.0,,19,
490_1,default_samples,speed_vo2,0.0,0.0,1.0,,19,
490_1,published,speed_hr,0.0,12.82051282051282,1.0,,39,
490_1,published,speed_vo2,0.0,10.256410256410255,1.0,,39,
490_1,win_only,speed_hr,0.0,0.0,1.0,,9,
490_1,win_only,speed_vo2,0.0,0.0,1.0,,9,
490_1,tol_only,speed_hr,0.0,12.82051282051282,1.0,,39,
490_1,tol_only,speed_vo2,0.0,10.256410256410255,1.0,,39,
490_1,v2_calibrated,speed_hr,0.0,44.44444444444444,1.0,,9,
490_1,v2_calibrated,speed_vo2,0.0,44.44444444444444,1.0,,9,
490_1,v2_cal_lag3,speed_hr,0.0,44.44444444444444,1.0,,9,
490_1,v2_cal_lag3,speed_vo2,0.0,44.44444444444444,1.0,,9,
495_1,default_samples,speed_hr,0.0,0.0,1.0,,17,
495_1,default_samples,speed_vo2,0.0,23.52941176470588,1.0,,17,
495_1,published,speed_hr,0.0,13.88888888888889,1.0,,36,
495_1,published,speed_vo2,0.0,14.166666666666652,1.0,,36,
495_1,win_only,speed_hr,0.0,0.0,1.0,,8,
495_1,win_only,speed_vo2,0.0,0.0,1.0,,8,
495_1,tol_only,speed_hr,0.0,13.88888888888889,1.0,,36,
495_1,tol_only,speed_vo2,0.0,14.166666666666652,1.0,,36,
495_1,v2_calibrated,speed_hr,0.0,0.0,1.0,,8,
495_1,v2_calibrated,speed_vo2,0.0,50.0,1.0,,8,
495_1,v2_cal_lag3,speed_hr,0.0,0.0,1.0,,8,
495_1,v2_cal_lag3,speed_vo2,0.0,50.0,1.0,,8,
499_1,default_samples,speed_hr,0.0,0.0,1.0,,19,
499_1,default_samples,speed_vo2,0.0,0.0,1.0,,19,
499_1,published,speed_hr,0.0,10.256410256410255,1.0,,39,
499_1,published,speed_vo2,12.82051282051282,12.82051282051282,0.06930693069306931,9.0,39,-18.0
499_1,win_only,speed_hr,0.0,0.0,1.0,,9,
499_1,win_only,speed_vo2,0.0,0.0,1.0,,9,
499_1,tol_only,speed_hr,0.0,10.256410256410255,1.0,,39,
499_1,tol_only,speed_vo2,12.82051282051282,12.82051282051282,0.06930693069306931,9.0,39,-18.0
499_1,v2_calibrated,speed_hr,0.0,44.44444444444444,1.0,,9,
499_1,v2_calibrated,speed_vo2,0.0,2.2222222222220958,1.0,,9,
499_1,v2_cal_lag3,speed_hr,0.0,44.44444444444444,1.0,,9,
499_1,v2_cal_lag3,speed_vo2,0.0,0.0,1.0,,9,
501_1,default_samples,speed_hr,0.0,0.0,1.0,,17,
501_1,default_samples,speed_vo2,0.0,0.0,1.0,,17,
501_1,published,speed_hr,40.0,22.857142857142858,0.009900990099009901,8.0,35,-16.0
501_1,published,speed_vo2,0.0,11.428571428571429,1.0,,35,
501_1,win_only,speed_hr,0.0,0.0,1.0,,8,
501_1,win_only,speed_vo2,0.0,0.0,1.0,,8,
501_1,tol_only,speed_hr,40.0,22.857142857142858,0.009900990099009901,8.0,35,-16.0
501_1,tol_only,speed_vo2,0.0,11.428571428571429,1.0,,35,
501_1,v2_calibrated,speed_hr,0.0,0.0,1.0,,8,
501_1,v2_calibrated,speed_vo2,0.0,50.0,1.0,,8,
501_1,v2_cal_lag3,speed_hr,50.0,0.0,0.009900990099009901,-10.0,8,20.0
501_1,v2_cal_lag3,speed_vo2,0.0,0.0,1.0,,8,
505_1,default_samples,speed_hr,0.0,0.0,1.0,,13,
505_1,default_samples,speed_vo2,0.0,0.0,1.0,,13,
505_1,published,speed_hr,28.57142857142857,14.285714285714285,0.009900990099009901,-6.0,28,12.0
505_1,published,speed_vo2,14.285714285714285,14.285714285714285,0.09900990099009901,-1.0,28,2.0
505_1,win_only,speed_hr,0.0,0.0,1.0,,6,
505_1,win_only,speed_vo2,0.0,0.0,1.0,,6,
505_1,tol_only,speed_hr,28.57142857142857,14.285714285714285,0.009900990099009901,-6.0,28,12.0
505_1,tol_only,speed_vo2,14.285714285714285,14.285714285714285,0.09900990099009901,-1.0,28,2.0
505_1,v2_calibrated,speed_hr,0.0,100.0,1.0,,6,
505_1,v2_calibrated,speed_vo2,0.0,83.33333333333334,1.0,,6,
505_1,v2_cal_lag3,speed_hr,0.0,100.0,1.0,,6,
505_1,v2_cal_lag3,speed_vo2,0.0,66.66666666666666,1.0,,6,
50_1,default_samples,speed_hr,0.0,0.0,1.0,,19,
50_1,default_samples,speed_vo2,0.0,0.0,1.0,,19,
50_1,published,speed_hr,0.0,10.256410256410255,1.0,,39,
50_1,published,speed_vo2,20.51282051282051,10.256410256410255,0.019801980198019802,0.0,39,-0.0
50_1,win_only,speed_hr,0.0,0.0,1.0,,9,
50_1,win_only,speed_vo2,0.0,0.0,1.0,,9,
50_1,tol_only,speed_hr,0.0,10.256410256410255,1.0,,39,
50_1,tol_only,speed_vo2,20.51282051282051,10.256410256410255,0.019801980198019802,0.0,39,-0.0
50_1,v2_calibrated,speed_hr,0.0,44.44444444444444,1.0,,9,
50_1,v2_calibrated,speed_vo2,55.55555555555556,0.0,0.009900990099009901,8.0,9,-16.0
50_1,v2_cal_lag3,speed_hr,0.0,0.0,1.0,,9,
50_1,v2_cal_lag3,speed_vo2,44.44444444444444,0.0,0.0297029702970297,7.0,9,-14.0
513_1,default_samples,speed_hr,0.0,0.0,1.0,,15,
513_1,default_samples,speed_vo2,0.0,0.0,1.0,,15,
513_1,published,speed_hr,0.0,13.064516129032247,1.0,,31,
513_1,published,speed_vo2,0.0,12.903225806451612,1.0,,31,
513_1,win_only,speed_hr,0.0,0.0,1.0,,7,
513_1,win_only,speed_vo2,0.0,0.0,1.0,,7,
513_1,tol_only,speed_hr,0.0,13.064516129032247,1.0,,31,
513_1,tol_only,speed_vo2,0.0,12.903225806451612,1.0,,31,
513_1,v2_calibrated,speed_hr,57.14285714285714,57.14285714285714,0.4752475247524752,-27.5,7,55.0
513_1,v2_calibrated,speed_vo2,0.0,2.8571428571426947,1.0,,7,
513_1,v2_cal_lag3,speed_hr,0.0,0.0,1.0,,7,
513_1,v2_cal_lag3,speed_vo2,0.0,71.42857142857143,1.0,,7,
517_1,default_samples,speed_hr,0.0,0.0,1.0,,15,
517_1,default_samples,speed_vo2,0.0,0.0,1.0,,15,
517_1,published,speed_hr,0.0,0.0,1.0,,31,
517_1,published,speed_vo2,0.0,16.129032258064516,1.0,,31,
517_1,win_only,speed_hr,0.0,0.0,1.0,,7,
517_1,win_only,speed_vo2,0.0,0.0,1.0,,7,
517_1,tol_only,speed_hr,0.0,0.0,1.0,,31,
517_1,tol_only,speed_vo2,0.0,16.129032258064516,1.0,,31,
517_1,v2_calibrated,speed_hr,0.0,71.42857142857143,1.0,,7,
517_1,v2_calibrated,speed_vo2,0.0,71.42857142857143,1.0,,7,
517_1,v2_cal_lag3,speed_hr,0.0,0.0,1.0,,7,
517_1,v2_cal_lag3,speed_vo2,0.0,0.0,1.0,,7,
520_1,default_samples,speed_hr,0.0,0.0,1.0,,11,
520_1,default_samples,speed_vo2,0.0,0.0,1.0,,11,
520_1,published,speed_hr,0.0,17.391304347826086,1.0,,23,
520_1,published,speed_vo2,21.73913043478261,17.391304347826086,0.0297029702970297,1.0,23,-2.0
520_1,win_only,speed_hr,0.0,0.0,1.0,,5,
520_1,win_only,speed_vo2,0.0,0.0,1.0,,5,
520_1,tol_only,speed_hr,0.0,17.391304347826086,1.0,,23,
520_1,tol_only,speed_vo2,21.73913043478261,17.391304347826086,0.0297029702970297,1.0,23,-2.0
520_1,v2_calibrated,speed_hr,0.0,0.0,1.0,,5,
520_1,v2_calibrated,speed_vo2,0.0,0.0,1.0,,5,
520_1,v2_cal_lag3,speed_hr,0.0,0.0,1.0,,5,
520_1,v2_cal_lag3,speed_vo2,0.0,0.0,1.0,,5,
525_1,default_samples,speed_hr,0.0,0.0,1.0,,16,
525_1,default_samples,speed_vo2,0.0,0.0,1.0,,16,
525_1,published,speed_hr,0.0,11.76470588235294,1.0,,34,
525_1,published,speed_vo2,0.0,14.705882352941178,1.0,,34,
525_1,win_only,speed_hr,0.0,0.0,1.0,,7,
525_1,win_only,speed_vo2,0.0,0.0,1.0,,7,
525_1,tol_only,speed_hr,0.0,11.76470588235294,1.0,,34,
525_1,tol_only,speed_vo2,0.0,14.705882352941178,1.0,,34,
525_1,v2_calibrated,speed_hr,0.0,57.14285714285714,1.0,,7,
525_1,v2_calibrated,speed_vo2,0.0,0.0,1.0,,7,
525_1,v2_cal_lag3,speed_hr,57.14285714285714,0.0,0.009900990099009901,-27.0,7,54.0
525_1,v2_cal_lag3,speed_vo2,0.0,0.0,1.0,,7,
529_1,default_samples,speed_hr,0.0,21.052631578947366,1.0,,19,
529_1,default_samples,speed_vo2,0.0,1.0526315789473084,1.0,,19,
529_1,published,speed_hr,0.0,12.624999999999993,1.0,,40,
529_1,published,speed_vo2,0.0,10.0,1.0,,40,
529_1,win_only,speed_hr,0.0,0.0,1.0,,9,
529_1,win_only,speed_vo2,0.0,0.0,1.0,,9,
529_1,tol_only,speed_hr,0.0,12.624999999999993,1.0,,40,
529_1,tol_only,speed_vo2,0.0,10.0,1.0,,40,
529_1,v2_calibrated,speed_hr,0.0,44.44444444444444,1.0,,9,
529_1,v2_calibrated,speed_vo2,0.0,55.55555555555556,1.0,,9,
529_1,v2_cal_lag3,speed_hr,0.0,0.0,1.0,,9,
529_1,v2_cal_lag3,speed_vo2,0.0,55.55555555555556,1.0,,9,
532_1,default_samples,speed_hr,0.0,0.0,1.0,,19,
532_1,default_samples,speed_vo2,0.0,0.0,1.0,,19,
532_1,published,speed_hr,23.076923076923077,12.82051282051282,0.0297029702970297,1.0,39,-2.0
532_1,published,speed_vo2,0.0,12.82051282051282,1.0,,39,
532_1,win_only,speed_hr,0.0,0.0,1.0,,9,
532_1,win_only,speed_vo2,0.0,0.0,1.0,,9,
532_1,tol_only,speed_hr,0.0,0.0,1.0,,39,
532_1,tol_only,speed_vo2,0.0,0.0,1.0,,39,
532_1,v2_calibrated,speed_hr,0.0,0.0,1.0,,9,
532_1,v2_calibrated,speed_vo2,0.0,0.0,1.0,,9,
532_1,v2_cal_lag3,speed_hr,0.0,0.0,1.0,,9,
532_1,v2_cal_lag3,speed_vo2,0.0,0.0,1.0,,9,
537_1,default_samples,speed_hr,0.0,0.0,1.0,,19,
537_1,default_samples,speed_vo2,0.0,0.0,1.0,,19,
537_1,published,speed_hr,0.0,12.82051282051282,1.0,,39,
537_1,published,speed_vo2,10.256410256410255,10.256410256410255,0.18811881188118812,-2.0,39,4.0
537_1,win_only,speed_hr,0.0,0.0,1.0,,9,
537_1,win_only,speed_vo2,0.0,0.0,1.0,,9,
537_1,tol_only,speed_hr,0.0,12.82051282051282,1.0,,39,
537_1,tol_only,speed_vo2,10.256410256410255,10.256410256410255,0.18811881188118812,-2.0,39,4.0
537_1,v2_calibrated,speed_hr,0.0,0.0,1.0,,9,
537_1,v2_calibrated,speed_vo2,0.0,0.0,1.0,,9,
537_1,v2_cal_lag3,speed_hr,0.0,0.0,1.0,,9,
537_1,v2_cal_lag3,speed_vo2,0.0,44.44444444444444,1.0,,9,
540_1,default_samples,speed_hr,0.0,0.0,1.0,,19,
540_1,default_samples,speed_vo2,0.0,21.052631578947366,1.0,,19,
540_1,published,speed_hr,0.0,12.82051282051282,1.0,,39,
540_1,published,speed_vo2,0.0,12.82051282051282,1.0,,39,
540_1,win_only,speed_hr,0.0,0.0,1.0,,9,
540_1,win_only,speed_vo2,0.0,0.0,1.0,,9,
540_1,tol_only,speed_hr,0.0,12.82051282051282,1.0,,39,
540_1,tol_only,speed_vo2,0.0,12.82051282051282,1.0,,39,
540_1,v2_calibrated,speed_hr,66.66666666666666,0.0,0.009900990099009901,-21.5,9,43.0
540_1,v2_calibrated,speed_vo2,0.0,0.0,1.0,,9,
540_1,v2_cal_lag3,speed_hr,66.66666666666666,44.44444444444444,0.0297029702970297,-21.5,9,43.0
540_1,v2_cal_lag3,speed_vo2,0.0,44.44444444444444,1.0,,9,
544_1,default_samples,speed_hr,0.0,0.0,1.0,,18,
544_1,default_samples,speed_vo2,0.0,0.0,1.0,,18,
544_1,published,speed_hr,0.0,15.789473684210526,1.0,,38,
544_1,published,speed_vo2,10.526315789473683,10.657894736842097,0.2376237623762376,0.0,38,-0.0
544_1,win_only,speed_hr,0.0,0.0,1.0,,8,
544_1,win_only,speed_vo2,0.0,0.0,1.0,,8,
544_1,tol_only,speed_hr,0.0,15.789473684210526,1.0,,38,
544_1,tol_only,speed_vo2,10.526315789473683,10.657894736842097,0.2376237623762376,0.0,38,-0.0
544_1,v2_calibrated,speed_hr,0.0,0.0,1.0,,8,
544_1,v2_calibrated,speed_vo2,0.0,0.0,1.0,,8,
544_1,v2_cal_lag3,speed_hr,0.0,50.0,1.0,,8,
544_1,v2_cal_lag3,speed_vo2,0.0,50.0,1.0,,8,
548_1,default_samples,speed_hr,0.0,0.0,1.0,,11,
548_1,default_samples,speed_vo2,0.0,0.0,1.0,,11,
548_1,published,speed_hr,0.0,21.956521739130423,1.0,,23,
548_1,published,speed_vo2,0.0,17.391304347826086,1.0,,23,
548_1,win_only,speed_hr,0.0,0.0,1.0,,5,
548_1,win_only,speed_vo2,0.0,0.0,1.0,,5,
548_1,tol_only,speed_hr,0.0,21.956521739130423,1.0,,23,
548_1,tol_only,speed_vo2,0.0,17.391304347826086,1.0,,23,
548_1,v2_calibrated,speed_hr,0.0,100.0,1.0,,5,
548_1,v2_calibrated,speed_vo2,0.0,0.0,1.0,,5,
548_1,v2_cal_lag3,speed_hr,0.0,0.0,1.0,,5,
548_1,v2_cal_lag3,speed_vo2,0.0,0.0,1.0,,5,
552_1,default_samples,speed_hr,0.0,0.8695652173912549,1.0,,23,
552_1,default_samples,speed_vo2,0.0,17.391304347826086,1.0,,23,
552_1,published,speed_hr,0.0,8.51063829787234,1.0,,47,
552_1,published,speed_vo2,10.638297872340425,10.638297872340425,0.1188118811881188,0.0,47,-0.0
552_1,win_only,speed_hr,0.0,0.0,1.0,,11,
552_1,win_only,speed_vo2,0.0,0.0,1.0,,11,
552_1,tol_only,speed_hr,0.0,8.51063829787234,1.0,,47,
552_1,tol_only,speed_vo2,10.638297872340425,10.638297872340425,0.1188118811881188,0.0,47,-0.0
552_1,v2_calibrated,speed_hr,0.0,36.36363636363637,1.0,,11,
552_1,v2_calibrated,speed_vo2,0.0,36.36363636363637,1.0,,11,
552_1,v2_cal_lag3,speed_hr,36.36363636363637,36.36363636363637,0.07920792079207921,11.5,11,-23.0
552_1,v2_cal_lag3,speed_vo2,0.0,0.0,1.0,,11,
556_1,default_samples,speed_hr,0.0,0.0,1.0,,17,
556_1,default_samples,speed_vo2,0.0,0.0,1.0,,17,
556_1,published,speed_hr,0.0,11.571428571428564,1.0,,35,
556_1,published,speed_vo2,0.0,14.571428571428553,1.0,,35,
556_1,win_only,speed_hr,0.0,0.0,1.0,,8,
556_1,win_only,speed_vo2,0.0,0.0,1.0,,8,
556_1,tol_only,speed_hr,0.0,11.571428571428564,1.0,,35,
556_1,tol_only,speed_vo2,0.0,14.571428571428553,1.0,,35,
556_1,v2_calibrated,speed_hr,0.0,0.0,1.0,,8,
556_1,v2_calibrated,speed_vo2,0.0,62.5,1.0,,8,
556_1,v2_cal_lag3,speed_hr,0.0,0.0,1.0,,8,
556_1,v2_cal_lag3,speed_vo2,0.0,0.0,1.0,,8,
55_1,default_samples,speed_hr,0.0,0.0,1.0,,18,
55_1,default_samples,speed_vo2,0.0,0.0,1.0,,18,
55_1,published,speed_hr,0.0,10.81081081081081,1.0,,37,
55_1,published,speed_vo2,10.81081081081081,10.81081081081081,0.0891089108910891,0.0,37,-0.0
55_1,win_only,speed_hr,0.0,0.0,1.0,,8,
55_1,win_only,speed_vo2,0.0,0.0,1.0,,8,
55_1,tol_only,speed_hr,0.0,10.81081081081081,1.0,,37,
55_1,tol_only,speed_vo2,10.81081081081081,10.81081081081081,0.0891089108910891,0.0,37,-0.0
55_1,v2_calibrated,speed_hr,0.0,50.0,1.0,,8,
55_1,v2_calibrated,speed_vo2,0.0,2.499999999999858,1.0,,8,
55_1,v2_cal_lag3,speed_hr,0.0,62.5,1.0,,8,
55_1,v2_cal_lag3,speed_vo2,0.0,50.0,1.0,,8,
564_98,default_samples,speed_hr,0.0,0.0,1.0,,15,
564_98,default_samples,speed_vo2,0.0,0.0,1.0,,15,
564_98,published,speed_hr,12.5,12.656249999999991,0.1485148514851485,0.0,32,-0.0
564_98,published,speed_vo2,0.0,12.5,1.0,,32,
564_98,win_only,speed_hr,0.0,0.0,1.0,,7,
564_98,win_only,speed_vo2,0.0,0.0,1.0,,7,
564_98,tol_only,speed_hr,12.5,12.656249999999991,0.1485148514851485,0.0,32,-0.0
564_98,tol_only,speed_vo2,0.0,12.5,1.0,,32,
564_98,v2_calibrated,speed_hr,0.0,0.0,1.0,,7,
564_98,v2_calibrated,speed_vo2,0.0,71.42857142857143,1.0,,7,
564_98,v2_cal_lag3,speed_hr,0.0,0.0,1.0,,7,
564_98,v2_cal_lag3,speed_vo2,0.0,0.0,1.0,,7,
568_1,default_samples,speed_hr,0.0,0.0,1.0,,17,
568_1,default_samples,speed_vo2,0.0,0.0,1.0,,17,
568_1,published,speed_hr,0.0,11.428571428571429,1.0,,35,
568_1,published,speed_vo2,0.0,11.428571428571429,1.0,,35,
568_1,win_only,speed_hr,0.0,0.0,1.0,,8,
568_1,win_only,speed_vo2,0.0,0.0,1.0,,8,
568_1,tol_only,speed_hr,0.0,11.428571428571429,1.0,,35,
568_1,tol_only,speed_vo2,0.0,11.428571428571429,1.0,,35,
568_1,v2_calibrated,speed_hr,0.0,0.0,1.0,,8,
568_1,v2_calibrated,speed_vo2,0.0,0.0,1.0,,8,
568_1,v2_cal_lag3,speed_hr,0.0,50.0,1.0,,8,
568_1,v2_cal_lag3,speed_vo2,0.0,50.0,1.0,,8,
571_1,default_samples,speed_hr,0.0,0.0,1.0,,15,
571_1,default_samples,speed_vo2,0.0,0.0,1.0,,15,
571_1,published,speed_hr,0.0,16.612903225806424,1.0,,31,
571_1,published,speed_vo2,0.0,12.903225806451612,1.0,,31,
571_1,win_only,speed_hr,0.0,0.0,1.0,,7,
571_1,win_only,speed_vo2,0.0,0.0,1.0,,7,
571_1,tol_only,speed_hr,0.0,16.612903225806424,1.0,,31,
571_1,tol_only,speed_vo2,0.0,12.903225806451612,1.0,,31,
571_1,v2_calibrated,speed_hr,0.0,57.14285714285714,1.0,,7,
571_1,v2_calibrated,speed_vo2,0.0,71.42857142857143,1.0,,7,
571_1,v2_cal_lag3,speed_hr,0.0,57.14285714285714,1.0,,7,
571_1,v2_cal_lag3,speed_vo2,0.0,0.0,1.0,,7,
575_1,default_samples,speed_hr,0.0,0.0,1.0,,16,
575_1,default_samples,speed_vo2,0.0,0.0,1.0,,16,
575_1,published,speed_hr,12.121212121212121,15.151515151515152,0.1782178217821782,12.0,33,-24.0
575_1,published,speed_vo2,0.0,15.151515151515152,1.0,,33,
575_1,win_only,speed_hr,0.0,0.0,1.0,,7,
575_1,win_only,speed_vo2,0.0,0.0,1.0,,7,
575_1,tol_only,speed_hr,12.121212121212121,15.151515151515152,0.1782178217821782,12.0,33,-24.0
575_1,tol_only,speed_vo2,0.0,15.151515151515152,1.0,,33,
575_1,v2_calibrated,speed_hr,0.0,0.0,1.0,,7,
575_1,v2_calibrated,speed_vo2,0.0,2.8571428571426947,1.0,,7,
575_1,v2_cal_lag3,speed_hr,0.0,0.0,1.0,,7,
575_1,v2_cal_lag3,speed_vo2,0.0,0.0,1.0,,7,
57_1,default_samples,speed_hr,0.0,0.0,1.0,,21,
57_1,default_samples,speed_vo2,0.0,19.28571428571427,1.0,,21,
57_1,published,speed_hr,0.0,11.74418604651162,1.0,,43,
57_1,published,speed_vo2,23.25581395348837,14.186046511627893,0.019801980198019802,-4.0,43,8.0
57_1,win_only,speed_hr,0.0,0.0,1.0,,10,
57_1,win_only,speed_vo2,0.0,0.0,1.0,,10,
57_1,tol_only,speed_hr,0.0,11.74418604651162,1.0,,43,
57_1,tol_only,speed_vo2,23.25581395348837,14.186046511627893,0.019801980198019802,-4.0,43,8.0
57_1,v2_calibrated,speed_hr,0.0,0.0,1.0,,10,
57_1,v2_calibrated,speed_vo2,0.0,40.0,1.0,,10,
57_1,v2_cal_lag3,speed_hr,0.0,0.0,1.0,,10,
57_1,v2_cal_lag3,speed_vo2,0.0,40.0,1.0,,10,
583_1,default_samples,speed_hr,0.0,25.0,1.0,,16,
583_1,default_samples,speed_vo2,0.0,0.0,1.0,,16,
583_1,published,speed_hr,0.0,11.911764705882344,1.0,,34,
583_1,published,speed_vo2,0.0,11.911764705882344,1.0,,34,
583_1,win_only,speed_hr,0.0,0.0,1.0,,7,
583_1,win_only,speed_vo2,0.0,0.0,1.0,,7,
583_1,tol_only,speed_hr,0.0,11.911764705882344,1.0,,34,
583_1,tol_only,speed_vo2,0.0,11.911764705882344,1.0,,34,
583_1,v2_calibrated,speed_hr,0.0,0.0,1.0,,7,
583_1,v2_calibrated,speed_vo2,57.14285714285714,0.0,0.009900990099009901,25.5,7,-51.0
583_1,v2_cal_lag3,speed_hr,0.0,0.0,1.0,,7,
583_1,v2_cal_lag3,speed_vo2,57.14285714285714,0.0,0.019801980198019802,25.5,7,-51.0
587_1,default_samples,speed_hr,0.0,0.0,1.0,,15,
587_1,default_samples,speed_vo2,0.0,0.0,1.0,,15,
587_1,published,speed_hr,12.5,12.656249999999991,0.2079207920792079,0.5,32,-1.0
587_1,published,speed_vo2,0.0,12.5,1.0,,32,
587_1,win_only,speed_hr,57.14285714285714,0.0,0.009900990099009901,-0.5,7,1.0
587_1,win_only,speed_vo2,0.0,0.0,1.0,,7,
587_1,tol_only,speed_hr,12.5,12.656249999999991,0.2079207920792079,0.5,32,-1.0
587_1,tol_only,speed_vo2,0.0,12.5,1.0,,32,
587_1,v2_calibrated,speed_hr,71.42857142857143,3.5714285714283687,0.0594059405940594,-1.0,7,2.0
587_1,v2_calibrated,speed_vo2,0.0,0.0,1.0,,7,
587_1,v2_cal_lag3,speed_hr,71.42857142857143,0.0,0.009900990099009901,-1.0,7,2.0
587_1,v2_cal_lag3,speed_vo2,0.0,0.0,1.0,,7,
590_1,default_samples,speed_hr,0.0,0.0,1.0,,15,
590_1,default_samples,speed_vo2,0.0,1.3333333333332575,1.0,,15,
590_1,published,speed_hr,0.0,12.903225806451612,1.0,,31,
590_1,published,speed_vo2,25.806451612903224,16.129032258064516,0.0297029702970297,0.5,31,-1.0
590_1,win_only,speed_hr,0.0,0.0,1.0,,7,
590_1,win_only,speed_vo2,0.0,0.0,1.0,,7,
590_1,tol_only,speed_hr,0.0,0.0,1.0,,31,
590_1,tol_only,speed_vo2,0.0,0.0,1.0,,31,
590_1,v2_calibrated,speed_hr,0.0,71.42857142857143,1.0,,7,
590_1,v2_calibrated,speed_vo2,0.0,71.42857142857143,1.0,,7,
590_1,v2_cal_lag3,speed_hr,0.0,0.0,1.0,,7,
590_1,v2_cal_lag3,speed_vo2,0.0,0.0,1.0,,7,
595_1,default_samples,speed_hr,0.0,0.0,1.0,,20,
595_1,default_samples,speed_vo2,0.0,20.0,1.0,,20,
595_1,published,speed_hr,0.0,19.51219512195122,1.0,,41,
595_1,published,speed_vo2,9.75609756097561,19.51219512195122,0.6435643564356436,3.0,41,-6.0
595_1,win_only,speed_hr,0.0,0.0,1.0,,9,
595_1,win_only,speed_vo2,0.0,0.0,1.0,,9,
595_1,tol_only,speed_hr,0.0,19.51219512195122,1.0,,41,
595_1,tol_only,speed_vo2,9.75609756097561,19.51219512195122,0.6435643564356436,3.0,41,-6.0
595_1,v2_calibrated,speed_hr,0.0,44.44444444444444,1.0,,9,
595_1,v2_calibrated,speed_vo2,0.0,55.55555555555556,1.0,,9,
595_1,v2_cal_lag3,speed_hr,0.0,55.55555555555556,1.0,,9,
595_1,v2_cal_lag3,speed_vo2,0.0,55.55555555555556,1.0,,9,
599_1,default_samples,speed_hr,0.0,21.052631578947366,1.0,,19,
599_1,default_samples,speed_vo2,0.0,0.0,1.0,,19,
599_1,published,speed_hr,20.0,22.624999999999993,0.18811881188118812,-5.5,40,11.0
599_1,published,speed_vo2,15.0,20.124999999999993,0.13861386138613863,-2.0,40,4.0
599_1,win_only,speed_hr,0.0,0.0,1.0,,9,
599_1,win_only,speed_vo2,0.0,0.0,1.0,,9,
599_1,tol_only,speed_hr,20.0,22.624999999999993,0.18811881188118812,-5.5,40,11.0
599_1,tol_only,speed_vo2,15.0,20.124999999999993,0.13861386138613863,-2.0,40,4.0
599_1,v2_calibrated,speed_hr,0.0,0.0,1.0,,9,
599_1,v2_calibrated,speed_vo2,0.0,0.0,1.0,,9,
599_1,v2_cal_lag3,speed_hr,0.0,0.0,1.0,,9,
599_1,v2_cal_lag3,speed_vo2,44.44444444444444,0.0,0.009900990099009901,-0.5,9,1.0
601_1,default_samples,speed_hr,0.0,0.0,1.0,,20,
601_1,default_samples,speed_vo2,0.0,20.0,1.0,,20,
601_1,published,speed_hr,0.0,9.878048780487799,1.0,,41,
601_1,published,speed_vo2,0.0,9.75609756097561,1.0,,41,
601_1,win_only,speed_hr,0.0,0.0,1.0,,9,
601_1,win_only,speed_vo2,0.0,0.0,1.0,,9,
601_1,tol_only,speed_hr,0.0,9.878048780487799,1.0,,41,
601_1,tol_only,speed_vo2,0.0,9.75609756097561,1.0,,41,
601_1,v2_calibrated,speed_hr,0.0,55.55555555555556,1.0,,9,
601_1,v2_calibrated,speed_vo2,0.0,44.44444444444444,1.0,,9,
601_1,v2_cal_lag3,speed_hr,0.0,55.55555555555556,1.0,,9,
601_1,v2_cal_lag3,speed_vo2,0.0,44.44444444444444,1.0,,9,
606_1,default_samples,speed_hr,0.0,0.0,1.0,,20,
606_1,default_samples,speed_vo2,0.0,20.0,1.0,,20,
606_1,published,speed_hr,0.0,12.3170731707317,1.0,,41,
606_1,published,speed_vo2,0.0,17.073170731707318,1.0,,41,
606_1,win_only,speed_hr,0.0,0.0,1.0,,9,
606_1,win_only,speed_vo2,0.0,0.0,1.0,,9,
606_1,tol_only,speed_hr,0.0,12.3170731707317,1.0,,41,
606_1,tol_only,speed_vo2,0.0,17.073170731707318,1.0,,41,
606_1,v2_calibrated,speed_hr,0.0,44.999999999999964,1.0,,9,
606_1,v2_calibrated,speed_vo2,0.0,0.0,1.0,,9,
606_1,v2_cal_lag3,speed_hr,0.0,0.0,1.0,,9,
606_1,v2_cal_lag3,speed_vo2,0.0,0.0,1.0,,9,
60_1,default_samples,speed_hr,0.0,0.0,1.0,,17,
60_1,default_samples,speed_vo2,0.0,0.0,1.0,,17,
60_1,published,speed_hr,0.0,14.285714285714285,1.0,,35,
60_1,published,speed_vo2,11.428571428571429,14.285714285714285,0.19801980198019803,0.0,35,-0.0
60_1,win_only,speed_hr,0.0,0.0,1.0,,8,
60_1,win_only,speed_vo2,0.0,0.0,1.0,,8,
60_1,tol_only,speed_hr,0.0,14.285714285714285,1.0,,35,
60_1,tol_only,speed_vo2,11.428571428571429,14.285714285714285,0.19801980198019803,0.0,35,-0.0
60_1,v2_calibrated,speed_hr,0.0,0.0,1.0,,8,
60_1,v2_calibrated,speed_vo2,0.0,0.0,1.0,,8,
60_1,v2_cal_lag3,speed_hr,0.0,50.0,1.0,,8,
60_1,v2_cal_lag3,speed_vo2,0.0,0.0,1.0,,8,
613_1,default_samples,speed_hr,0.0,0.0,1.0,,19,
613_1,default_samples,speed_vo2,0.0,0.0,1.0,,19,
613_1,published,speed_hr,0.0,10.0,1.0,,40,
613_1,published,speed_vo2,0.0,10.0,1.0,,40,
613_1,win_only,speed_hr,0.0,0.0,1.0,,9,
613_1,win_only,speed_vo2,0.0,0.0,1.0,,9,
613_1,tol_only,speed_hr,0.0,10.0,1.0,,40,
613_1,tol_only,speed_vo2,0.0,10.0,1.0,,40,
613_1,v2_calibrated,speed_hr,0.0,0.0,1.0,,9,
613_1,v2_calibrated,speed_vo2,0.0,0.0,1.0,,9,
613_1,v2_cal_lag3,speed_hr,0.0,0.0,1.0,,9,
613_1,v2_cal_lag3,speed_vo2,0.0,0.0,1.0,,9,
617_1,default_samples,speed_hr,0.0,19.047619047619047,1.0,,21,
617_1,default_samples,speed_vo2,28.57142857142857,19.047619047619047,0.009900990099009901,-7.0,21,14.0
617_1,published,speed_hr,18.181818181818183,31.931818181818173,0.594059405940594,-6.0,44,12.0
617_1,published,speed_vo2,9.090909090909092,18.181818181818183,0.5841584158415841,-7.0,44,14.0
617_1,win_only,speed_hr,0.0,0.0,1.0,,10,
617_1,win_only,speed_vo2,0.0,0.0,1.0,,10,
617_1,tol_only,speed_hr,0.0,9.090909090909092,1.0,,44,
617_1,tol_only,speed_vo2,0.0,9.090909090909092,1.0,,44,
617_1,v2_calibrated,speed_hr,0.0,40.0,1.0,,10,
617_1,v2_calibrated,speed_vo2,0.0,0.0,1.0,,10,
617_1,v2_cal_lag3,speed_hr,0.0,0.0,1.0,,10,
617_1,v2_cal_lag3,speed_vo2,0.0,0.0,1.0,,10,
621_1,default_samples,speed_hr,0.0,0.0,1.0,,14,
621_1,default_samples,speed_vo2,0.0,0.0,1.0,,14,
621_1,published,speed_hr,20.689655172413794,13.793103448275861,0.0297029702970297,0.0,29,-0.0
621_1,published,speed_vo2,0.0,13.793103448275861,1.0,,29,
621_1,win_only,speed_hr,0.0,0.0,1.0,,6,
621_1,win_only,speed_vo2,0.0,0.0,1.0,,6,
621_1,tol_only,speed_hr,20.689655172413794,13.793103448275861,0.0297029702970297,0.0,29,-0.0
621_1,tol_only,speed_vo2,0.0,13.793103448275861,1.0,,29,
621_1,v2_calibrated,speed_hr,83.33333333333334,67.49999999999994,0.0594059405940594,-8.0,6,16.0
621_1,v2_calibrated,speed_vo2,0.0,66.66666666666666,1.0,,6,
621_1,v2_cal_lag3,speed_hr,83.33333333333334,83.33333333333334,0.27722772277227725,-8.0,6,16.0
621_1,v2_cal_lag3,speed_vo2,0.0,83.33333333333334,1.0,,6,
625_1,default_samples,speed_hr,0.0,17.391304347826086,1.0,,23,
625_1,default_samples,speed_vo2,0.0,0.0,1.0,,23,
625_1,published,speed_hr,12.76595744680851,17.02127659574468,0.1188118811881188,-9.0,47,18.0
625_1,published,speed_vo2,0.0,12.978723404255307,1.0,,47,
625_1,win_only,speed_hr,0.0,36.36363636363637,1.0,,11,
625_1,win_only,speed_vo2,0.0,0.0,1.0,,11,
625_1,tol_only,speed_hr,12.76595744680851,17.02127659574468,0.1188118811881188,-9.0,47,18.0
625_1,tol_only,speed_vo2,0.0,12.978723404255307,1.0,,47,
625_1,v2_calibrated,speed_hr,0.0,36.36363636363637,1.0,,11,
625_1,v2_calibrated,speed_vo2,0.0,0.0,1.0,,11,
625_1,v2_cal_lag3,speed_hr,0.0,36.36363636363637,1.0,,11,
625_1,v2_cal_lag3,speed_vo2,0.0,45.45454545454545,1.0,,11,
629_1,default_samples,speed_hr,0.0,0.0,1.0,,11,
629_1,default_samples,speed_vo2,0.0,0.0,1.0,,11,
629_1,published,speed_hr,17.391304347826086,21.73913043478261,0.19801980198019803,0.0,23,-0.0
629_1,published,speed_vo2,17.391304347826086,17.6086956521739,0.25742574257425743,-7.0,23,14.0
629_1,win_only,speed_hr,0.0,0.0,1.0,,5,
629_1,win_only,speed_vo2,0.0,0.0,1.0,,5,
629_1,tol_only,speed_hr,17.391304347826086,21.73913043478261,0.19801980198019803,0.0,23,-0.0
629_1,tol_only,speed_vo2,17.391304347826086,17.6086956521739,0.25742574257425743,-7.0,23,14.0
629_1,v2_calibrated,speed_hr,0.0,80.0,1.0,,5,
629_1,v2_calibrated,speed_vo2,80.0,80.0,0.21782178217821782,-9.0,5,18.0
629_1,v2_cal_lag3,speed_hr,0.0,0.0,1.0,,5,
629_1,v2_cal_lag3,speed_vo2,0.0,0.0,1.0,,5,
632_1,default_samples,speed_hr,0.0,1.4285714285713473,1.0,,14,
632_1,default_samples,speed_vo2,0.0,1.4285714285713473,1.0,,14,
632_1,published,speed_hr,0.0,13.965517241379299,1.0,,29,
632_1,published,speed_vo2,17.24137931034483,13.793103448275861,0.019801980198019802,-3.0,29,6.0
632_1,win_only,speed_hr,0.0,0.0,1.0,,6,
632_1,win_only,speed_vo2,0.0,0.0,1.0,,6,
632_1,tol_only,speed_hr,0.0,13.965517241379299,1.0,,29,
632_1,tol_only,speed_vo2,17.24137931034483,13.793103448275861,0.019801980198019802,-3.0,29,6.0
632_1,v2_calibrated,speed_hr,0.0,100.0,1.0,,6,
632_1,v2_calibrated,speed_vo2,83.33333333333334,0.0,0.009900990099009901,-12.0,6,24.0
632_1,v2_cal_lag3,speed_hr,66.66666666666666,83.33333333333334,0.16831683168316833,-20.0,6,40.0
632_1,v2_cal_lag3,speed_vo2,0.0,0.0,1.0,,6,
637_1,default_samples,speed_hr,26.666666666666668,0.0,0.039603960396039604,-1.5,15,3.0
637_1,default_samples,speed_vo2,0.0,26.666666666666668,1.0,,15,
637_1,published,speed_hr,0.0,12.903225806451612,1.0,,31,
637_1,published,speed_vo2,0.0,29.03225806451613,1.0,,31,
637_1,win_only,speed_hr,0.0,0.0,1.0,,7,
637_1,win_only,speed_vo2,0.0,0.0,1.0,,7,
637_1,tol_only,speed_hr,0.0,12.903225806451612,1.0,,31,
637_1,tol_only,speed_vo2,0.0,29.03225806451613,1.0,,31,
637_1,v2_calibrated,speed_hr,85.71428571428571,57.14285714285714,0.009900990099009901,-1.5,7,3.0
637_1,v2_calibrated,speed_vo2,0.0,0.0,1.0,,7,
637_1,v2_cal_lag3,speed_hr,57.14285714285714,0.0,0.009900990099009901,0.0,7,-0.0
637_1,v2_cal_lag3,speed_vo2,0.0,0.0,1.0,,7,
640_1,default_samples,speed_hr,0.0,0.0,1.0,,15,
640_1,default_samples,speed_vo2,0.0,26.666666666666668,1.0,,15,
640_1,published,speed_hr,0.0,18.75,1.0,,32,
640_1,published,speed_vo2,12.5,16.09374999999997,0.33663366336633666,-6.0,32,12.0
640_1,win_only,speed_hr,0.0,0.0,1.0,,7,
640_1,win_only,speed_vo2,0.0,0.0,1.0,,7,
640_1,tol_only,speed_hr,0.0,12.5,1.0,,32,
640_1,tol_only,speed_vo2,0.0,0.0,1.0,,32,
640_1,v2_calibrated,speed_hr,0.0,0.0,1.0,,7,
640_1,v2_calibrated,speed_vo2,0.0,0.0,1.0,,7,
640_1,v2_cal_lag3,speed_hr,0.0,0.0,1.0,,7,
640_1,v2_cal_lag3,speed_vo2,0.0,57.14285714285714,1.0,,7,
644_1,default_samples,speed_hr,0.0,0.0,1.0,,20,
644_1,default_samples,speed_vo2,0.0,0.0,1.0,,20,
644_1,published,speed_hr,14.634146341463413,19.51219512195122,0.1188118811881188,12.0,41,-24.0
644_1,published,speed_vo2,9.75609756097561,19.51219512195122,0.5643564356435643,2.5,41,-5.0
644_1,win_only,speed_hr,0.0,0.0,1.0,,9,
644_1,win_only,speed_vo2,0.0,0.0,1.0,,9,
644_1,tol_only,speed_hr,14.634146341463413,19.51219512195122,0.1188118811881188,12.0,41,-24.0
644_1,tol_only,speed_vo2,9.75609756097561,19.51219512195122,0.5643564356435643,2.5,41,-5.0
644_1,v2_calibrated,speed_hr,0.0,0.0,1.0,,9,
644_1,v2_calibrated,speed_vo2,0.0,0.0,1.0,,9,
644_1,v2_cal_lag3,speed_hr,0.0,44.44444444444444,1.0,,9,
644_1,v2_cal_lag3,speed_vo2,0.0,44.44444444444444,1.0,,9,
649_1,default_samples,speed_hr,0.0,1.249999999999929,1.0,,16,
649_1,default_samples,speed_vo2,0.0,0.0,1.0,,16,
649_1,published,speed_hr,0.0,14.705882352941178,1.0,,34,
649_1,published,speed_vo2,14.705882352941178,17.647058823529413,0.1485148514851485,0.0,34,-0.0
649_1,win_only,speed_hr,0.0,0.0,1.0,,7,
649_1,win_only,speed_vo2,0.0,0.0,1.0,,7,
649_1,tol_only,speed_hr,0.0,14.705882352941178,1.0,,34,
649_1,tol_only,speed_vo2,14.705882352941178,17.647058823529413,0.1485148514851485,0.0,34,-0.0
649_1,v2_calibrated,speed_hr,0.0,71.42857142857143,1.0,,7,
649_1,v2_calibrated,speed_vo2,0.0,57.14285714285714,1.0,,7,
649_1,v2_cal_lag3,speed_hr,0.0,0.0,1.0,,7,
649_1,v2_cal_lag3,speed_vo2,0.0,0.0,1.0,,7,
652_1,default_samples,speed_hr,21.052631578947366,0.0,0.039603960396039604,-9.0,19,18.0
652_1,default_samples,speed_vo2,0.0,0.0,1.0,,19,
652_1,published,speed_hr,10.0,22.5,0.5445544554455446,-12.5,40,25.0
652_1,published,speed_vo2,0.0,10.0,1.0,,40,
652_1,win_only,speed_hr,0.0,0.0,1.0,,9,
652_1,win_only,speed_vo2,0.0,0.0,1.0,,9,
652_1,tol_only,speed_hr,10.0,22.5,0.5445544554455446,-12.5,40,25.0
652_1,tol_only,speed_vo2,0.0,10.0,1.0,,40,
652_1,v2_calibrated,speed_hr,0.0,0.0,1.0,,9,
652_1,v2_calibrated,speed_vo2,0.0,0.0,1.0,,9,
652_1,v2_cal_lag3,speed_hr,0.0,0.0,1.0,,9,
652_1,v2_cal_lag3,speed_vo2,0.0,0.0,1.0,,9,
656_1,default_samples,speed_hr,0.0,0.0,1.0,,19,
656_1,default_samples,speed_vo2,0.0,0.0,1.0,,19,
656_1,published,speed_hr,0.0,12.749999999999986,1.0,,40,
656_1,published,speed_vo2,10.0,10.0,0.1188118811881188,0.0,40,-0.0
656_1,win_only,speed_hr,0.0,0.0,1.0,,9,
656_1,win_only,speed_vo2,0.0,0.0,1.0,,9,
656_1,tol_only,speed_hr,0.0,12.749999999999986,1.0,,40,
656_1,tol_only,speed_vo2,10.0,10.0,0.1188118811881188,0.0,40,-0.0
656_1,v2_calibrated,speed_hr,0.0,0.0,1.0,,9,
656_1,v2_calibrated,speed_vo2,44.44444444444444,0.0,0.009900990099009901,0.0,9,-0.0
656_1,v2_cal_lag3,speed_hr,0.0,0.0,1.0,,9,
656_1,v2_cal_lag3,speed_vo2,0.0,0.0,1.0,,9,
65_1,default_samples,speed_hr,0.0,0.0,1.0,,14,
65_1,default_samples,speed_vo2,0.0,0.0,1.0,,14,
65_1,published,speed_hr,0.0,13.333333333333334,1.0,,30,
65_1,published,speed_vo2,0.0,13.333333333333334,1.0,,30,
65_1,win_only,speed_hr,0.0,0.0,1.0,,6,
65_1,win_only,speed_vo2,0.0,0.0,1.0,,6,
65_1,tol_only,speed_hr,0.0,13.333333333333334,1.0,,30,
65_1,tol_only,speed_vo2,0.0,13.333333333333334,1.0,,30,
65_1,v2_calibrated,speed_hr,100.0,66.66666666666666,0.009900990099009901,-12.0,6,24.0
65_1,v2_calibrated,speed_vo2,0.0,0.0,1.0,,6,
65_1,v2_cal_lag3,speed_hr,66.66666666666666,66.66666666666666,0.06930693069306931,-15.5,6,31.0
65_1,v2_cal_lag3,speed_vo2,0.0,0.0,1.0,,6,
664_1,default_samples,speed_hr,0.0,21.052631578947366,1.0,,19,
664_1,default_samples,speed_vo2,0.0,0.0,1.0,,19,
664_1,published,speed_hr,10.256410256410255,12.82051282051282,0.37623762376237624,-7.0,39,14.0
664_1,published,speed_vo2,0.0,20.51282051282051,1.0,,39,
664_1,win_only,speed_hr,0.0,0.0,1.0,,9,
664_1,win_only,speed_vo2,0.0,0.0,1.0,,9,
664_1,tol_only,speed_hr,0.0,0.0,1.0,,39,
664_1,tol_only,speed_vo2,0.0,0.0,1.0,,39,
664_1,v2_calibrated,speed_hr,0.0,0.0,1.0,,9,
664_1,v2_calibrated,speed_vo2,0.0,44.44444444444444,1.0,,9,
664_1,v2_cal_lag3,speed_hr,0.0,66.66666666666666,1.0,,9,
664_1,v2_cal_lag3,speed_vo2,0.0,55.55555555555556,1.0,,9,
668_1,default_samples,speed_hr,0.0,0.0,1.0,,17,
668_1,default_samples,speed_vo2,0.0,23.52941176470588,1.0,,17,
668_1,published,speed_hr,11.11111111111111,22.22222222222222,0.7722772277227723,0.0,36,-0.0
668_1,published,speed_vo2,11.11111111111111,22.22222222222222,0.4752475247524752,-9.0,36,18.0
668_1,win_only,speed_hr,0.0,0.0,1.0,,8,
668_1,win_only,speed_vo2,0.0,50.0,1.0,,8,
668_1,tol_only,speed_hr,11.11111111111111,22.22222222222222,0.7722772277227723,0.0,36,-0.0
668_1,tol_only,speed_vo2,11.11111111111111,22.22222222222222,0.4752475247524752,-9.0,36,18.0
668_1,v2_calibrated,speed_hr,50.0,62.5,0.18811881188118812,-19.0,8,38.0
668_1,v2_calibrated,speed_vo2,0.0,50.0,1.0,,8,
668_1,v2_cal_lag3,speed_hr,50.0,2.499999999999858,0.0594059405940594,-19.0,8,38.0
668_1,v2_cal_lag3,speed_vo2,0.0,50.0,1.0,,8,
671_1,default_samples,speed_hr,0.0,0.0,1.0,,26,
671_1,default_samples,speed_vo2,0.0,0.0,1.0,,26,
671_1,published,speed_hr,0.0,14.814814814814813,1.0,,54,
671_1,published,speed_vo2,0.0,14.814814814814813,1.0,,54,
671_1,win_only,speed_hr,0.0,0.0,1.0,,12,
671_1,win_only,speed_vo2,0.0,0.0,1.0,,12,
671_1,tol_only,speed_hr,0.0,14.814814814814813,1.0,,54,
671_1,tol_only,speed_vo2,0.0,14.814814814814813,1.0,,54,
671_1,v2_calibrated,speed_hr,0.0,0.0,1.0,,12,
671_1,v2_calibrated,speed_vo2,0.0,0.0,1.0,,12,
671_1,v2_cal_lag3,speed_hr,33.33333333333333,33.33333333333333,0.09900990099009901,19.0,12,-38.0
671_1,v2_cal_lag3,speed_vo2,0.0,1.6666666666665717,1.0,,12,
675_1,default_samples,speed_hr,0.0,0.0,1.0,,17,
675_1,default_samples,speed_vo2,0.0,23.52941176470588,1.0,,17,
675_1,published,speed_hr,11.11111111111111,16.666666666666664,0.36633663366336633,0.0,36,-0.0
675_1,published,speed_vo2,0.0,22.22222222222222,1.0,,36,
675_1,win_only,speed_hr,0.0,0.0,1.0,,8,
675_1,win_only,speed_vo2,0.0,0.0,1.0,,8,
675_1,tol_only,speed_hr,11.11111111111111,16.666666666666664,0.36633663366336633,0.0,36,-0.0
675_1,tol_only,speed_vo2,0.0,22.22222222222222,1.0,,36,
675_1,v2_calibrated,speed_hr,0.0,62.5,1.0,,8,
675_1,v2_calibrated,speed_vo2,0.0,50.0,1.0,,8,
675_1,v2_cal_lag3,speed_hr,0.0,50.0,1.0,,8,
675_1,v2_cal_lag3,speed_vo2,0.0,0.0,1.0,,8,
67_1,default_samples,speed_hr,0.0,0.0,1.0,,12,
67_1,default_samples,speed_vo2,0.0,0.0,1.0,,12,
67_1,published,speed_hr,0.0,20.599999999999966,1.0,,25,
67_1,published,speed_vo2,0.0,16.0,1.0,,25,
67_1,win_only,speed_hr,0.0,0.0,1.0,,5,
67_1,win_only,speed_vo2,0.0,0.0,1.0,,5,
67_1,tol_only,speed_hr,0.0,20.599999999999966,1.0,,25,
67_1,tol_only,speed_vo2,0.0,16.0,1.0,,25,
67_1,v2_calibrated,speed_hr,80.0,80.99999999999994,0.06930693069306931,-9.5,5,19.0
67_1,v2_calibrated,speed_vo2,0.0,0.0,1.0,,5,
67_1,v2_cal_lag3,speed_hr,100.0,0.0,0.0297029702970297,-10.0,5,20.0
67_1,v2_cal_lag3,speed_vo2,0.0,80.0,1.0,,5,
683_1,default_samples,speed_hr,0.0,0.0,1.0,,14,
683_1,default_samples,speed_vo2,0.0,0.0,1.0,,14,
683_1,published,speed_hr,16.666666666666664,26.666666666666668,0.1188118811881188,-9.0,30,18.0
683_1,published,speed_vo2,13.333333333333334,26.833333333333325,0.4752475247524752,-2.0,30,4.0
683_1,win_only,speed_hr,0.0,0.0,1.0,,6,
683_1,win_only,speed_vo2,0.0,0.0,1.0,,6,
683_1,tol_only,speed_hr,0.0,0.6666666666666288,1.0,,30,
683_1,tol_only,speed_vo2,0.0,0.0,1.0,,30,
683_1,v2_calibrated,speed_hr,0.0,0.0,1.0,,6,
683_1,v2_calibrated,speed_vo2,0.0,3.3333333333331434,1.0,,6,
683_1,v2_cal_lag3,speed_hr,0.0,83.33333333333334,1.0,,6,
683_1,v2_cal_lag3,speed_vo2,0.0,66.66666666666666,1.0,,6,
687_1,default_samples,speed_hr,0.0,18.181818181818183,1.0,,22,
687_1,default_samples,speed_vo2,0.0,0.0,1.0,,22,
687_1,published,speed_hr,15.217391304347828,17.499999999999993,0.19801980198019803,-7.0,46,14.0
687_1,published,speed_vo2,36.95652173913043,19.565217391304348,0.009900990099009901,-4.0,46,8.0
687_1,win_only,speed_hr,40.0,0.0,0.009900990099009901,-7.0,10,14.0
687_1,win_only,speed_vo2,0.0,0.0,1.0,,10,
687_1,tol_only,speed_hr,15.217391304347828,17.499999999999993,0.19801980198019803,-7.0,46,14.0
687_1,tol_only,speed_vo2,36.95652173913043,19.565217391304348,0.009900990099009901,-4.0,46,8.0
687_1,v2_calibrated,speed_hr,80.0,40.49999999999997,0.009900990099009901,-4.5,10,9.0
687_1,v2_calibrated,speed_vo2,0.0,40.0,1.0,,10,
687_1,v2_cal_lag3,speed_hr,60.0,40.49999999999997,0.009900990099009901,-7.0,10,14.0
687_1,v2_cal_lag3,speed_vo2,0.0,50.0,1.0,,10,
691_1,default_samples,speed_hr,0.0,20.0,1.0,,20,
691_1,default_samples,speed_vo2,0.0,0.0,1.0,,20,
691_1,published,speed_hr,0.0,19.047619047619047,1.0,,42,
691_1,published,speed_vo2,11.904761904761903,21.428571428571427,0.3069306930693069,-9.0,42,18.0
691_1,win_only,speed_hr,0.0,0.0,1.0,,9,
691_1,win_only,speed_vo2,0.0,0.0,1.0,,9,
691_1,tol_only,speed_hr,0.0,0.0,1.0,,42,
691_1,tol_only,speed_vo2,0.0,0.0,1.0,,42,
691_1,v2_calibrated,speed_hr,0.0,0.0,1.0,,9,
691_1,v2_calibrated,speed_vo2,0.0,55.55555555555556,1.0,,9,
691_1,v2_cal_lag3,speed_hr,0.0,2.2222222222220958,1.0,,9,
691_1,v2_cal_lag3,speed_vo2,0.0,0.0,1.0,,9,
695_1,default_samples,speed_hr,0.0,0.0,1.0,,16,
695_1,default_samples,speed_vo2,0.0,0.0,1.0,,16,
695_1,published,speed_hr,11.76470588235294,11.76470588235294,0.1485148514851485,-13.5,34,27.0
695_1,published,speed_vo2,11.76470588235294,11.76470588235294,0.22772277227722773,-14.0,34,28.0
695_1,win_only,speed_hr,0.0,0.0,1.0,,7,
695_1,win_only,speed_vo2,0.0,0.0,1.0,,7,
695_1,tol_only,speed_hr,11.76470588235294,11.76470588235294,0.1485148514851485,-13.5,34,27.0
695_1,tol_only,speed_vo2,11.76470588235294,11.76470588235294,0.22772277227722773,-14.0,34,28.0
695_1,v2_calibrated,speed_hr,0.0,0.0,1.0,,7,
695_1,v2_calibrated,speed_vo2,71.42857142857143,57.14285714285714,0.019801980198019802,-15.0,7,30.0
695_1,v2_cal_lag3,speed_hr,0.0,0.0,1.0,,7,
695_1,v2_cal_lag3,speed_vo2,57.14285714285714,0.0,0.009900990099009901,-15.0,7,30.0
699_1,default_samples,speed_hr,0.0,14.814814814814813,1.0,,27,
699_1,default_samples,speed_vo2,0.0,0.0,1.0,,27,
699_1,published,speed_hr,0.0,9.363636363636349,1.0,,55,
699_1,published,speed_vo2,7.2727272727272725,14.636363636363631,0.39603960396039606,-5.5,55,11.0
699_1,win_only,speed_hr,0.0,0.0,1.0,,13,
699_1,win_only,speed_vo2,0.0,0.0,1.0,,13,
699_1,tol_only,speed_hr,0.0,9.363636363636349,1.0,,55,
699_1,tol_only,speed_vo2,7.2727272727272725,14.636363636363631,0.39603960396039606,-5.5,55,11.0
699_1,v2_calibrated,speed_hr,0.0,0.0,1.0,,13,
699_1,v2_calibrated,speed_vo2,0.0,0.0,1.0,,13,
699_1,v2_cal_lag3,speed_hr,0.0,30.76923076923077,1.0,,13,
699_1,v2_cal_lag3,speed_vo2,30.76923076923077,38.46153846153847,0.24752475247524752,-14.0,13,28.0
701_1,default_samples,speed_hr,0.0,0.0,1.0,,16,
701_1,default_samples,speed_vo2,0.0,0.0,1.0,,16,
701_1,published,speed_hr,0.0,14.705882352941178,1.0,,34,
701_1,published,speed_vo2,0.0,14.705882352941178,1.0,,34,
701_1,win_only,speed_hr,0.0,0.0,1.0,,7,
701_1,win_only,speed_vo2,0.0,0.0,1.0,,7,
701_1,tol_only,speed_hr,0.0,14.705882352941178,1.0,,34,
701_1,tol_only,speed_vo2,0.0,14.705882352941178,1.0,,34,
701_1,v2_calibrated,speed_hr,0.0,57.14285714285714,1.0,,7,
701_1,v2_calibrated,speed_vo2,0.0,57.14285714285714,1.0,,7,
701_1,v2_cal_lag3,speed_hr,0.0,57.14285714285714,1.0,,7,
701_1,v2_cal_lag3,speed_vo2,0.0,71.42857142857143,1.0,,7,
706_1,default_samples,speed_hr,0.0,0.0,1.0,,18,
706_1,default_samples,speed_vo2,0.0,22.22222222222222,1.0,,18,
706_1,published,speed_hr,0.0,13.157894736842104,1.0,,38,
706_1,published,speed_vo2,0.0,21.052631578947366,1.0,,38,
706_1,win_only,speed_hr,0.0,2.499999999999858,1.0,,8,
706_1,win_only,speed_vo2,0.0,0.0,1.0,,8,
706_1,tol_only,speed_hr,0.0,13.157894736842104,1.0,,38,
706_1,tol_only,speed_vo2,0.0,21.052631578947366,1.0,,38,
706_1,v2_calibrated,speed_hr,0.0,50.0,1.0,,8,
706_1,v2_calibrated,speed_vo2,50.0,50.0,0.1188118811881188,2.0,8,-4.0
706_1,v2_cal_lag3,speed_hr,0.0,62.5,1.0,,8,
706_1,v2_cal_lag3,speed_vo2,0.0,50.0,1.0,,8,
70_1,default_samples,speed_hr,0.0,0.0,1.0,,18,
70_1,default_samples,speed_vo2,0.0,0.0,1.0,,18,
70_1,published,speed_hr,0.0,13.157894736842104,1.0,,38,
70_1,published,speed_vo2,0.0,10.526315789473683,1.0,,38,
70_1,win_only,speed_hr,0.0,0.0,1.0,,8,
70_1,win_only,speed_vo2,0.0,0.0,1.0,,8,
70_1,tol_only,speed_hr,0.0,13.157894736842104,1.0,,38,
70_1,tol_only,speed_vo2,0.0,10.526315789473683,1.0,,38,
70_1,v2_calibrated,speed_hr,0.0,0.0,1.0,,8,
70_1,v2_calibrated,speed_vo2,0.0,0.0,1.0,,8,
70_1,v2_cal_lag3,speed_hr,0.0,0.0,1.0,,8,
70_1,v2_cal_lag3,speed_vo2,0.0,0.0,1.0,,8,
713_1,default_samples,speed_hr,0.0,0.0,1.0,,14,
713_1,default_samples,speed_vo2,0.0,0.0,1.0,,14,
713_1,published,speed_hr,0.0,13.333333333333334,1.0,,30,
713_1,published,speed_vo2,13.333333333333334,13.333333333333334,0.22772277227722773,0.0,30,-0.0
713_1,win_only,speed_hr,0.0,0.0,1.0,,6,
713_1,win_only,speed_vo2,0.0,0.0,1.0,,6,
713_1,tol_only,speed_hr,0.0,13.333333333333334,1.0,,30,
713_1,tol_only,speed_vo2,13.333333333333334,13.333333333333334,0.22772277227722773,0.0,30,-0.0
713_1,v2_calibrated,speed_hr,0.0,0.0,1.0,,6,
713_1,v2_calibrated,speed_vo2,0.0,0.0,1.0,,6,
713_1,v2_cal_lag3,speed_hr,0.0,0.0,1.0,,6,
713_1,v2_cal_lag3,speed_vo2,0.0,66.66666666666666,1.0,,6,
718_1,default_samples,speed_hr,0.0,22.22222222222222,1.0,,18,
718_1,default_samples,speed_vo2,0.0,0.0,1.0,,18,
718_1,published,speed_hr,15.789473684210526,10.526315789473683,0.019801980198019802,0.0,38,-0.0
718_1,published,speed_vo2,10.526315789473683,10.657894736842097,0.48514851485148514,0.0,38,-0.0
718_1,win_only,speed_hr,0.0,0.0,1.0,,8,
718_1,win_only,speed_vo2,0.0,0.0,1.0,,8,
718_1,tol_only,speed_hr,15.789473684210526,10.526315789473683,0.019801980198019802,0.0,38,-0.0
718_1,tol_only,speed_vo2,10.526315789473683,10.657894736842097,0.48514851485148514,0.0,38,-0.0
718_1,v2_calibrated,speed_hr,0.0,0.0,1.0,,8,
718_1,v2_calibrated,speed_vo2,0.0,0.0,1.0,,8,
718_1,v2_cal_lag3,speed_hr,50.0,0.0,0.039603960396039604,-3.5,8,7.0
718_1,v2_cal_lag3,speed_vo2,0.0,50.0,1.0,,8,
721_1,default_samples,speed_hr,0.0,0.0,1.0,,20,
721_1,default_samples,speed_vo2,0.0,0.0,1.0,,20,
721_1,published,speed_hr,9.75609756097561,21.951219512195124,0.6138613861386139,3.5,41,-7.0
721_1,published,speed_vo2,0.0,9.75609756097561,1.0,,41,
721_1,win_only,speed_hr,0.0,0.0,1.0,,9,
721_1,win_only,speed_vo2,0.0,0.0,1.0,,9,
721_1,tol_only,speed_hr,9.75609756097561,21.951219512195124,0.6138613861386139,3.5,41,-7.0
721_1,tol_only,speed_vo2,0.0,9.75609756097561,1.0,,41,
721_1,v2_calibrated,speed_hr,0.0,0.0,1.0,,9,
721_1,v2_calibrated,speed_vo2,0.0,44.44444444444444,1.0,,9,
721_1,v2_cal_lag3,speed_hr,0.0,44.44444444444444,1.0,,9,
721_1,v2_cal_lag3,speed_vo2,44.44444444444444,44.44444444444444,0.25742574257425743,-8.5,9,17.0
725_1,default_samples,speed_hr,0.0,0.0,1.0,,21,
725_1,default_samples,speed_vo2,0.0,0.9523809523808983,1.0,,21,
725_1,published,speed_hr,9.30232558139535,11.627906976744185,0.18811881188118812,-2.5,43,5.0
725_1,published,speed_vo2,9.30232558139535,9.30232558139535,0.1485148514851485,0.5,43,-1.0
725_1,win_only,speed_hr,0.0,0.0,1.0,,10,
725_1,win_only,speed_vo2,0.0,0.0,1.0,,10,
725_1,tol_only,speed_hr,9.30232558139535,11.627906976744185,0.18811881188118812,-2.5,43,5.0
725_1,tol_only,speed_vo2,9.30232558139535,9.30232558139535,0.1485148514851485,0.5,43,-1.0
725_1,v2_calibrated,speed_hr,40.0,0.0,0.009900990099009901,-2.5,10,5.0
725_1,v2_calibrated,speed_vo2,0.0,0.0,1.0,,10,
725_1,v2_cal_lag3,speed_hr,0.0,0.0,1.0,,10,
725_1,v2_cal_lag3,speed_vo2,0.0,0.0,1.0,,10,
729_1,default_samples,speed_hr,0.0,0.0,1.0,,18,
729_1,default_samples,speed_vo2,0.0,22.22222222222222,1.0,,18,
729_1,published,speed_hr,10.81081081081081,11.35135135135132,0.3465346534653465,-0.5,37,1.0
729_1,published,speed_vo2,13.513513513513514,24.459459459459453,0.2376237623762376,10.0,37,-20.0
729_1,win_only,speed_hr,0.0,0.0,1.0,,8,
729_1,win_only,speed_vo2,0.0,0.0,1.0,,8,
729_1,tol_only,speed_hr,0.0,0.0,1.0,,37,
729_1,tol_only,speed_vo2,0.0,0.0,1.0,,37,
729_1,v2_calibrated,speed_hr,0.0,50.0,1.0,,8,
729_1,v2_calibrated,speed_vo2,0.0,0.0,1.0,,8,
729_1,v2_cal_lag3,speed_hr,0.0,0.0,1.0,,8,
729_1,v2_cal_lag3,speed_vo2,0.0,50.0,1.0,,8,
733_1,default_samples,speed_hr,0.0,25.0,1.0,,16,
733_1,default_samples,speed_vo2,0.0,0.0,1.0,,16,
733_1,published,speed_hr,0.0,14.705882352941178,1.0,,34,
733_1,published,speed_vo2,14.705882352941178,11.76470588235294,0.04950495049504951,-7.0,34,14.0
733_1,win_only,speed_hr,0.0,0.0,1.0,,7,
733_1,win_only,speed_vo2,0.0,0.0,1.0,,7,
733_1,tol_only,speed_hr,0.0,14.705882352941178,1.0,,34,
733_1,tol_only,speed_vo2,14.705882352941178,11.76470588235294,0.04950495049504951,-7.0,34,14.0
733_1,v2_calibrated,speed_hr,0.0,57.14285714285714,1.0,,7,
733_1,v2_calibrated,speed_vo2,0.0,0.0,1.0,,7,
733_1,v2_cal_lag3,speed_hr,0.0,0.0,1.0,,7,
733_1,v2_cal_lag3,speed_vo2,0.0,0.0,1.0,,7,
737_1,default_samples,speed_hr,0.0,21.052631578947366,1.0,,19,
737_1,default_samples,speed_vo2,0.0,21.052631578947366,1.0,,19,
737_1,published,speed_hr,0.0,10.256410256410255,1.0,,39,
737_1,published,speed_vo2,0.0,10.384615384615376,1.0,,39,
737_1,win_only,speed_hr,0.0,0.0,1.0,,9,
737_1,win_only,speed_vo2,0.0,44.44444444444444,1.0,,9,
737_1,tol_only,speed_hr,0.0,10.256410256410255,1.0,,39,
737_1,tol_only,speed_vo2,0.0,10.384615384615376,1.0,,39,
737_1,v2_calibrated,speed_hr,0.0,0.0,1.0,,9,
737_1,v2_calibrated,speed_vo2,0.0,44.44444444444444,1.0,,9,
737_1,v2_cal_lag3,speed_hr,0.0,44.44444444444444,1.0,,9,
737_1,v2_cal_lag3,speed_vo2,0.0,44.44444444444444,1.0,,9,
740_1,default_samples,speed_hr,0.0,0.0,1.0,,13,
740_1,default_samples,speed_vo2,0.0,0.0,1.0,,13,
740_1,published,speed_hr,0.0,33.518518518518505,1.0,,27,
740_1,published,speed_vo2,14.814814814814813,14.999999999999988,0.2376237623762376,0.0,27,-0.0
740_1,win_only,speed_hr,0.0,0.0,1.0,,6,
740_1,win_only,speed_vo2,0.0,0.0,1.0,,6,
740_1,tol_only,speed_hr,0.0,33.518518518518505,1.0,,27,
740_1,tol_only,speed_vo2,14.814814814814813,14.999999999999988,0.2376237623762376,0.0,27,-0.0
740_1,v2_calibrated,speed_hr,0.0,0.0,1.0,,6,
740_1,v2_calibrated,speed_vo2,0.0,66.66666666666666,1.0,,6,
740_1,v2_cal_lag3,speed_hr,0.0,0.0,1.0,,6,
740_1,v2_cal_lag3,speed_vo2,0.0,66.66666666666666,1.0,,6,
744_1,default_samples,speed_hr,0.0,20.0,1.0,,20,
744_1,default_samples,speed_vo2,25.0,20.0,0.0297029702970297,-4.0,20,8.0
744_1,published,speed_hr,21.951219512195124,24.75609756097559,0.10891089108910891,-2.0,41,4.0
744_1,published,speed_vo2,0.0,19.51219512195122,1.0,,41,
744_1,win_only,speed_hr,0.0,0.0,1.0,,9,
744_1,win_only,speed_vo2,0.0,0.0,1.0,,9,
744_1,tol_only,speed_hr,21.951219512195124,24.75609756097559,0.10891089108910891,-2.0,41,4.0
744_1,tol_only,speed_vo2,0.0,19.51219512195122,1.0,,41,
744_1,v2_calibrated,speed_hr,0.0,0.0,1.0,,9,
744_1,v2_calibrated,speed_vo2,0.0,44.44444444444444,1.0,,9,
744_1,v2_cal_lag3,speed_hr,0.0,44.44444444444444,1.0,,9,
744_1,v2_cal_lag3,speed_vo2,0.0,2.2222222222220958,1.0,,9,
749_1,default_samples,speed_hr,0.0,0.0,1.0,,18,
749_1,default_samples,speed_vo2,0.0,0.0,1.0,,18,
749_1,published,speed_hr,0.0,13.513513513513514,1.0,,37,
749_1,published,speed_vo2,0.0,13.648648648648642,1.0,,37,
749_1,win_only,speed_hr,0.0,0.0,1.0,,8,
749_1,win_only,speed_vo2,0.0,0.0,1.0,,8,
749_1,tol_only,speed_hr,0.0,13.513513513513514,1.0,,37,
749_1,tol_only,speed_vo2,0.0,13.648648648648642,1.0,,37,
749_1,v2_calibrated,speed_hr,0.0,0.0,1.0,,8,
749_1,v2_calibrated,speed_vo2,0.0,0.0,1.0,,8,
749_1,v2_cal_lag3,speed_hr,0.0,0.0,1.0,,8,
749_1,v2_cal_lag3,speed_vo2,0.0,0.0,1.0,,8,
752_1,default_samples,speed_hr,0.0,22.22222222222222,1.0,,18,
752_1,default_samples,speed_vo2,0.0,1.1111111111110479,1.0,,18,
752_1,published,speed_hr,21.62162162162162,27.027027027027028,0.10891089108910891,-10.0,37,20.0
752_1,published,speed_vo2,0.0,10.81081081081081,1.0,,37,
752_1,win_only,speed_hr,0.0,0.0,1.0,,8,
752_1,win_only,speed_vo2,0.0,0.0,1.0,,8,
752_1,tol_only,speed_hr,21.62162162162162,27.027027027027028,0.10891089108910891,-10.0,37,20.0
752_1,tol_only,speed_vo2,0.0,10.81081081081081,1.0,,37,
752_1,v2_calibrated,speed_hr,50.0,50.0,0.09900990099009901,-10.5,8,21.0
752_1,v2_calibrated,speed_vo2,0.0,0.0,1.0,,8,
752_1,v2_cal_lag3,speed_hr,62.5,50.0,0.009900990099009901,-10.0,8,20.0
752_1,v2_cal_lag3,speed_vo2,0.0,0.0,1.0,,8,
756_1,default_samples,speed_hr,0.0,17.391304347826086,1.0,,23,
756_1,default_samples,speed_vo2,0.0,17.391304347826086,1.0,,23,
756_1,published,speed_hr,0.0,8.437499999999993,1.0,,48,
756_1,published,speed_vo2,0.0,8.333333333333332,1.0,,48,
756_1,win_only,speed_hr,0.0,0.0,1.0,,11,
756_1,win_only,speed_vo2,0.0,0.0,1.0,,11,
756_1,tol_only,speed_hr,0.0,8.437499999999993,1.0,,48,
756_1,tol_only,speed_vo2,0.0,8.333333333333332,1.0,,48,
756_1,v2_calibrated,speed_hr,0.0,36.36363636363637,1.0,,11,
756_1,v2_calibrated,speed_vo2,0.0,0.0,1.0,,11,
756_1,v2_cal_lag3,speed_hr,0.0,36.36363636363637,1.0,,11,
756_1,v2_cal_lag3,speed_vo2,0.0,36.36363636363637,1.0,,11,
760_1,default_samples,speed_hr,0.0,0.0,1.0,,20,
760_1,default_samples,speed_vo2,0.0,0.0,1.0,,20,
760_1,published,speed_hr,0.0,11.904761904761903,1.0,,42,
760_1,published,speed_vo2,11.904761904761903,9.523809523809524,0.0297029702970297,0.0,42,-0.0
760_1,win_only,speed_hr,0.0,0.0,1.0,,9,
760_1,win_only,speed_vo2,0.0,0.0,1.0,,9,
760_1,tol_only,speed_hr,0.0,11.904761904761903,1.0,,42,
760_1,tol_only,speed_vo2,11.904761904761903,9.523809523809524,0.0297029702970297,0.0,42,-0.0
760_1,v2_calibrated,speed_hr,0.0,66.66666666666666,1.0,,9,
760_1,v2_calibrated,speed_vo2,0.0,44.44444444444444,1.0,,9,
760_1,v2_cal_lag3,speed_hr,0.0,66.66666666666666,1.0,,9,
760_1,v2_cal_lag3,speed_vo2,0.0,55.55555555555556,1.0,,9,
764_1,default_samples,speed_hr,0.0,0.0,1.0,,16,
764_1,default_samples,speed_vo2,0.0,0.0,1.0,,16,
764_1,published,speed_hr,0.0,12.121212121212121,1.0,,33,
764_1,published,speed_vo2,12.121212121212121,12.272727272727264,0.18811881188118812,-10.5,33,21.0
764_1,win_only,speed_hr,0.0,0.0,1.0,,7,
764_1,win_only,speed_vo2,0.0,0.0,1.0,,7,
764_1,tol_only,speed_hr,0.0,12.121212121212121,1.0,,33,
764_1,tol_only,speed_vo2,12.121212121212121,12.272727272727264,0.18811881188118812,-10.5,33,21.0
764_1,v2_calibrated,speed_hr,0.0,3.5714285714283687,1.0,,7,
764_1,v2_calibrated,speed_vo2,0.0,0.0,1.0,,7,
764_1,v2_cal_lag3,speed_hr,0.0,0.0,1.0,,7,
764_1,v2_cal_lag3,speed_vo2,0.0,0.0,1.0,,7,
768_1,default_samples,speed_hr,0.0,0.0,1.0,,20,
768_1,default_samples,speed_vo2,0.0,0.0,1.0,,20,
768_1,published,speed_hr,9.523809523809524,19.047619047619047,0.39603960396039606,-4.5,42,9.0
768_1,published,speed_vo2,0.0,19.047619047619047,1.0,,42,
768_1,win_only,speed_hr,0.0,0.0,1.0,,9,
768_1,win_only,speed_vo2,0.0,0.0,1.0,,9,
768_1,tol_only,speed_hr,0.0,0.0,1.0,,42,
768_1,tol_only,speed_vo2,0.0,0.47619047619044913,1.0,,42,
768_1,v2_calibrated,speed_hr,0.0,44.44444444444444,1.0,,9,
768_1,v2_calibrated,speed_vo2,0.0,55.55555555555556,1.0,,9,
768_1,v2_cal_lag3,speed_hr,0.0,66.66666666666666,1.0,,9,
768_1,v2_cal_lag3,speed_vo2,0.0,55.55555555555556,1.0,,9,
771_1,default_samples,speed_hr,0.0,0.0,1.0,,12,
771_1,default_samples,speed_vo2,0.0,0.0,1.0,,12,
771_1,published,speed_hr,0.0,15.384615384615385,1.0,,26,
771_1,published,speed_vo2,0.0,19.230769230769234,1.0,,26,
771_1,win_only,speed_hr,0.0,0.0,1.0,,5,
771_1,win_only,speed_vo2,0.0,0.0,1.0,,5,
771_1,tol_only,speed_hr,0.0,15.384615384615385,1.0,,26,
771_1,tol_only,speed_vo2,0.0,19.230769230769234,1.0,,26,
771_1,v2_calibrated,speed_hr,0.0,0.0,1.0,,5,
771_1,v2_calibrated,speed_vo2,0.0,0.0,1.0,,5,
771_1,v2_cal_lag3,speed_hr,0.0,0.0,1.0,,5,
771_1,v2_cal_lag3,speed_vo2,0.0,0.0,1.0,,5,
776_1,default_samples,speed_hr,23.809523809523807,0.0,0.009900990099009901,-1.0,21,2.0
776_1,default_samples,speed_vo2,0.0,19.047619047619047,1.0,,21,
776_1,published,speed_hr,18.181818181818183,20.568181818181813,0.10891089108910891,-3.5,44,7.0
776_1,published,speed_vo2,9.090909090909092,11.477272727272721,0.36633663366336633,-2.0,44,4.0
776_1,win_only,speed_hr,0.0,0.0,1.0,,10,
776_1,win_only,speed_vo2,0.0,0.0,1.0,,10,
776_1,tol_only,speed_hr,18.181818181818183,20.568181818181813,0.10891089108910891,-3.5,44,7.0
776_1,tol_only,speed_vo2,9.090909090909092,11.477272727272721,0.36633663366336633,-2.0,44,4.0
776_1,v2_calibrated,speed_hr,0.0,0.0,1.0,,10,
776_1,v2_calibrated,speed_vo2,0.0,40.0,1.0,,10,
776_1,v2_cal_lag3,speed_hr,0.0,40.0,1.0,,10,
776_1,v2_cal_lag3,speed_vo2,0.0,40.0,1.0,,10,
77_1,default_samples,speed_hr,0.0,0.0,1.0,,20,
77_1,default_samples,speed_vo2,0.0,20.0,1.0,,20,
77_1,published,speed_hr,0.0,12.195121951219512,1.0,,41,
77_1,published,speed_vo2,12.195121951219512,9.878048780487799,0.0594059405940594,0.0,41,-0.0
77_1,win_only,speed_hr,0.0,0.0,1.0,,9,
77_1,win_only,speed_vo2,0.0,0.0,1.0,,9,
77_1,tol_only,speed_hr,0.0,12.195121951219512,1.0,,41,
77_1,tol_only,speed_vo2,12.195121951219512,9.878048780487799,0.0594059405940594,0.0,41,-0.0
77_1,v2_calibrated,speed_hr,0.0,44.44444444444444,1.0,,9,
77_1,v2_calibrated,speed_vo2,0.0,44.44444444444444,1.0,,9,
77_1,v2_cal_lag3,speed_hr,0.0,44.44444444444444,1.0,,9,
77_1,v2_cal_lag3,speed_vo2,0.0,0.0,1.0,,9,
783_1,default_samples,speed_hr,0.0,0.0,1.0,,14,
783_1,default_samples,speed_vo2,0.0,1.4285714285713473,1.0,,14,
783_1,published,speed_hr,13.793103448275861,13.793103448275861,0.0891089108910891,-1.5,29,3.0
783_1,published,speed_vo2,0.0,13.793103448275861,1.0,,29,
783_1,win_only,speed_hr,0.0,0.0,1.0,,6,
783_1,win_only,speed_vo2,0.0,0.0,1.0,,6,
783_1,tol_only,speed_hr,13.793103448275861,13.793103448275861,0.0891089108910891,-1.5,29,3.0
783_1,tol_only,speed_vo2,0.0,13.793103448275861,1.0,,29,
783_1,v2_calibrated,speed_hr,83.33333333333334,66.66666666666666,0.009900990099009901,-2.0,6,4.0
783_1,v2_calibrated,speed_vo2,0.0,0.0,1.0,,6,
783_1,v2_cal_lag3,speed_hr,83.33333333333334,66.66666666666666,0.009900990099009901,-2.0,6,4.0
783_1,v2_cal_lag3,speed_vo2,0.0,66.66666666666666,1.0,,6,
787_1,default_samples,speed_hr,21.052631578947366,0.0,0.009900990099009901,-0.5,19,1.0
787_1,default_samples,speed_vo2,0.0,0.0,1.0,,19,
787_1,published,speed_hr,28.205128205128204,12.82051282051282,0.009900990099009901,-1.0,39,2.0
787_1,published,speed_vo2,15.384615384615385,15.384615384615385,0.0891089108910891,-8.0,39,16.0
787_1,win_only,speed_hr,0.0,0.0,1.0,,9,
787_1,win_only,speed_vo2,0.0,0.0,1.0,,9,
787_1,tol_only,speed_hr,28.205128205128204,12.82051282051282,0.009900990099009901,-1.0,39,2.0
787_1,tol_only,speed_vo2,15.384615384615385,15.384615384615385,0.0891089108910891,-8.0,39,16.0
787_1,v2_calibrated,speed_hr,0.0,55.55555555555556,1.0,,9,
787_1,v2_calibrated,speed_vo2,44.44444444444444,0.0,0.009900990099009901,22.0,9,-44.0
787_1,v2_cal_lag3,speed_hr,0.0,44.44444444444444,1.0,,9,
787_1,v2_cal_lag3,speed_vo2,0.0,0.0,1.0,,9,
791_1,default_samples,speed_hr,0.0,31.25,1.0,,16,
791_1,default_samples,speed_vo2,0.0,0.0,1.0,,16,
791_1,published,speed_hr,0.0,14.705882352941178,1.0,,34,
791_1,published,speed_vo2,0.0,11.76470588235294,1.0,,34,
791_1,win_only,speed_hr,57.14285714285714,0.0,0.009900990099009901,-9.0,7,18.0
791_1,win_only,speed_vo2,0.0,57.14285714285714,1.0,,7,
791_1,tol_only,speed_hr,0.0,14.705882352941178,1.0,,34,
791_1,tol_only,speed_vo2,0.0,11.76470588235294,1.0,,34,
791_1,v2_calibrated,speed_hr,57.14285714285714,57.14285714285714,0.13861386138613863,-9.0,7,18.0
791_1,v2_calibrated,speed_vo2,0.0,57.14285714285714,1.0,,7,
791_1,v2_cal_lag3,speed_hr,85.71428571428571,0.0,0.009900990099009901,-9.5,7,19.0
791_1,v2_cal_lag3,speed_vo2,0.0,0.0,1.0,,7,
795_1,default_samples,speed_hr,28.57142857142857,0.0,0.019801980198019802,-5.0,14,10.0
795_1,default_samples,speed_vo2,0.0,1.4285714285713473,1.0,,14,
795_1,published,speed_hr,17.24137931034483,17.24137931034483,0.06930693069306931,-4.0,29,8.0
795_1,published,speed_vo2,0.0,17.24137931034483,1.0,,29,
795_1,win_only,speed_hr,0.0,0.0,1.0,,6,
795_1,win_only,speed_vo2,0.0,0.0,1.0,,6,
795_1,tol_only,speed_hr,17.24137931034483,17.24137931034483,0.06930693069306931,-4.0,29,8.0
795_1,tol_only,speed_vo2,0.0,17.24137931034483,1.0,,29,
795_1,v2_calibrated,speed_hr,0.0,0.0,1.0,,6,
795_1,v2_calibrated,speed_vo2,66.66666666666666,83.33333333333334,0.18811881188118812,-10.0,6,20.0
795_1,v2_cal_lag3,speed_hr,0.0,0.0,1.0,,6,
795_1,v2_cal_lag3,speed_vo2,66.66666666666666,66.66666666666666,0.1188118811881188,-13.5,6,27.0
799_1,default_samples,speed_hr,0.0,21.052631578947366,1.0,,19,
799_1,default_samples,speed_vo2,0.0,0.0,1.0,,19,
799_1,published,speed_hr,0.0,12.5,1.0,,40,
799_1,published,speed_vo2,10.0,12.5,0.3465346534653465,-5.0,40,10.0
799_1,win_only,speed_hr,0.0,0.0,1.0,,9,
799_1,win_only,speed_vo2,0.0,0.0,1.0,,9,
799_1,tol_only,speed_hr,0.0,12.5,1.0,,40,
799_1,tol_only,speed_vo2,10.0,12.5,0.3465346534653465,-5.0,40,10.0
799_1,v2_calibrated,speed_hr,0.0,0.0,1.0,,9,
799_1,v2_calibrated,speed_vo2,0.0,0.0,1.0,,9,
799_1,v2_cal_lag3,speed_hr,0.0,55.55555555555556,1.0,,9,
799_1,v2_cal_lag3,speed_vo2,0.0,0.0,1.0,,9,
802_1,default_samples,speed_hr,0.0,0.0,1.0,,13,
802_1,default_samples,speed_vo2,0.0,0.0,1.0,,13,
802_1,published,speed_hr,0.0,18.035714285714278,1.0,,28,
802_1,published,speed_vo2,0.0,14.285714285714285,1.0,,28,
802_1,win_only,speed_hr,0.0,0.0,1.0,,6,
802_1,win_only,speed_vo2,0.0,0.0,1.0,,6,
802_1,tol_only,speed_hr,0.0,0.0,1.0,,28,
802_1,tol_only,speed_vo2,0.0,0.0,1.0,,28,
802_1,v2_calibrated,speed_hr,83.33333333333334,66.66666666666666,0.019801980198019802,-8.0,6,16.0
802_1,v2_calibrated,speed_vo2,0.0,66.66666666666666,1.0,,6,
802_1,v2_cal_lag3,speed_hr,100.0,83.33333333333334,0.009900990099009901,-7.5,6,15.0
802_1,v2_cal_lag3,speed_vo2,0.0,0.0,1.0,,6,
806_1,default_samples,speed_hr,0.0,0.0,1.0,,18,
806_1,default_samples,speed_vo2,0.0,0.0,1.0,,18,
806_1,published,speed_hr,13.513513513513514,13.513513513513514,0.09900990099009901,11.0,37,-22.0
806_1,published,speed_vo2,16.216216216216218,13.648648648648642,0.0594059405940594,-13.5,37,27.0
806_1,win_only,speed_hr,0.0,0.0,1.0,,8,
806_1,win_only,speed_vo2,0.0,0.0,1.0,,8,
806_1,tol_only,speed_hr,0.0,0.0,1.0,,37,
806_1,tol_only,speed_vo2,0.0,10.81081081081081,1.0,,37,
806_1,v2_calibrated,speed_hr,0.0,62.5,1.0,,8,
806_1,v2_calibrated,speed_vo2,0.0,0.0,1.0,,8,
806_1,v2_cal_lag3,speed_hr,0.0,50.624999999999964,1.0,,8,
806_1,v2_cal_lag3,speed_vo2,0.0,50.0,1.0,,8,
80_1,default_samples,speed_hr,0.0,0.0,1.0,,19,
80_1,default_samples,speed_vo2,0.0,21.052631578947366,1.0,,19,
80_1,published,speed_hr,0.0,12.82051282051282,1.0,,39,
80_1,published,speed_vo2,0.0,12.94871794871794,1.0,,39,
80_1,win_only,speed_hr,0.0,0.0,1.0,,9,
80_1,win_only,speed_vo2,0.0,0.0,1.0,,9,
80_1,tol_only,speed_hr,0.0,12.82051282051282,1.0,,39,
80_1,tol_only,speed_vo2,0.0,12.94871794871794,1.0,,39,
80_1,v2_calibrated,speed_hr,0.0,0.0,1.0,,9,
80_1,v2_calibrated,speed_vo2,0.0,0.0,1.0,,9,
80_1,v2_cal_lag3,speed_hr,0.0,2.2222222222220958,1.0,,9,
80_1,v2_cal_lag3,speed_vo2,0.0,44.44444444444444,1.0,,9,
813_1,default_samples,speed_hr,18.181818181818183,0.0,0.04950495049504951,-20.5,22,41.0
813_1,default_samples,speed_vo2,0.0,0.0,1.0,,22,
813_1,published,speed_hr,0.0,8.80434782608695,1.0,,46,
813_1,published,speed_vo2,17.391304347826086,11.195652173913025,0.0594059405940594,-1.0,46,2.0
813_1,win_only,speed_hr,0.0,0.0,1.0,,10,
813_1,win_only,speed_vo2,0.0,0.0,1.0,,10,
813_1,tol_only,speed_hr,0.0,8.80434782608695,1.0,,46,
813_1,tol_only,speed_vo2,17.391304347826086,11.195652173913025,0.0594059405940594,-1.0,46,2.0
813_1,v2_calibrated,speed_hr,0.0,0.0,1.0,,10,
813_1,v2_calibrated,speed_vo2,0.0,40.0,1.0,,10,
813_1,v2_cal_lag3,speed_hr,0.0,0.0,1.0,,10,
813_1,v2_cal_lag3,speed_vo2,0.0,0.0,1.0,,10,
818_1,default_samples,speed_hr,0.0,0.0,1.0,,18,
818_1,default_samples,speed_vo2,0.0,0.0,1.0,,18,
818_1,published,speed_hr,0.0,13.513513513513514,1.0,,37,
818_1,published,speed_vo2,10.81081081081081,13.513513513513514,0.21782178217821782,0.0,37,-0.0
818_1,win_only,speed_hr,0.0,0.0,1.0,,8,
818_1,win_only,speed_vo2,0.0,0.0,1.0,,8,
818_1,tol_only,speed_hr,0.0,13.513513513513514,1.0,,37,
818_1,tol_only,speed_vo2,10.81081081081081,13.513513513513514,0.21782178217821782,0.0,37,-0.0
818_1,v2_calibrated,speed_hr,50.0,0.0,0.009900990099009901,11.5,8,-23.0
818_1,v2_calibrated,speed_vo2,0.0,50.0,1.0,,8,
818_1,v2_cal_lag3,speed_hr,0.0,0.0,1.0,,8,
818_1,v2_cal_lag3,speed_vo2,0.0,0.0,1.0,,8,
821_1,default_samples,speed_hr,0.0,1.4285714285713473,1.0,,14,
821_1,default_samples,speed_vo2,0.0,0.0,1.0,,14,
821_1,published,speed_hr,16.666666666666664,16.666666666666664,0.07920792079207921,-7.0,30,14.0
821_1,published,speed_vo2,0.0,16.666666666666664,1.0,,30,
821_1,win_only,speed_hr,0.0,0.0,1.0,,6,
821_1,win_only,speed_vo2,0.0,0.0,1.0,,6,
821_1,tol_only,speed_hr,16.666666666666664,16.666666666666664,0.07920792079207921,-7.0,30,14.0
821_1,tol_only,speed_vo2,0.0,16.666666666666664,1.0,,30,
821_1,v2_calibrated,speed_hr,0.0,66.66666666666666,1.0,,6,
821_1,v2_calibrated,speed_vo2,0.0,0.0,1.0,,6,
821_1,v2_cal_lag3,speed_hr,0.0,66.66666666666666,1.0,,6,
821_1,v2_cal_lag3,speed_vo2,0.0,0.0,1.0,,6,
825_1,default_samples,speed_hr,0.0,0.0,1.0,,10,
825_1,default_samples,speed_vo2,0.0,0.0,1.0,,10,
825_1,published,speed_hr,0.0,18.181818181818183,1.0,,22,
825_1,published,speed_vo2,0.0,18.181818181818183,1.0,,22,
825_1,win_only,speed_hr,0.0,0.0,1.0,,4,
825_1,win_only,speed_vo2,0.0,0.0,1.0,,4,
825_1,tol_only,speed_hr,0.0,18.181818181818183,1.0,,22,
825_1,tol_only,speed_vo2,0.0,18.181818181818183,1.0,,22,
825_1,v2_calibrated,speed_hr,0.0,0.0,1.0,,4,
825_1,v2_calibrated,speed_vo2,0.0,0.0,1.0,,4,
825_1,v2_cal_lag3,speed_hr,0.0,0.0,1.0,,4,
825_1,v2_cal_lag3,speed_vo2,0.0,0.0,1.0,,4,
829_1,default_samples,speed_hr,0.0,0.0,1.0,,12,
829_1,default_samples,speed_vo2,0.0,0.0,1.0,,12,
829_1,published,speed_hr,0.0,30.76923076923077,1.0,,26,
829_1,published,speed_vo2,0.0,19.230769230769234,1.0,,26,
829_1,win_only,speed_hr,0.0,0.0,1.0,,5,
829_1,win_only,speed_vo2,0.0,0.0,1.0,,5,
829_1,tol_only,speed_hr,0.0,30.76923076923077,1.0,,26,
829_1,tol_only,speed_vo2,0.0,19.230769230769234,1.0,,26,
829_1,v2_calibrated,speed_hr,80.0,0.0,0.009900990099009901,-7.0,5,14.0
829_1,v2_calibrated,speed_vo2,0.0,0.0,1.0,,5,
829_1,v2_cal_lag3,speed_hr,0.0,0.0,1.0,,5,
829_1,v2_cal_lag3,speed_vo2,0.0,0.0,1.0,,5,
833_1,default_samples,speed_hr,0.0,31.25,1.0,,16,
833_1,default_samples,speed_vo2,0.0,0.0,1.0,,16,
833_1,published,speed_hr,0.0,18.181818181818183,1.0,,33,
833_1,published,speed_vo2,0.0,15.151515151515152,1.0,,33,
833_1,win_only,speed_hr,0.0,0.0,1.0,,7,
833_1,win_only,speed_vo2,0.0,0.0,1.0,,7,
833_1,tol_only,speed_hr,0.0,18.181818181818183,1.0,,33,
833_1,tol_only,speed_vo2,0.0,15.151515151515152,1.0,,33,
833_1,v2_calibrated,speed_hr,0.0,0.0,1.0,,7,
833_1,v2_calibrated,speed_vo2,0.0,57.14285714285714,1.0,,7,
833_1,v2_cal_lag3,speed_hr,0.0,0.0,1.0,,7,
833_1,v2_cal_lag3,speed_vo2,0.0,71.42857142857143,1.0,,7,
837_1,default_samples,speed_hr,0.0,0.0,1.0,,17,
837_1,default_samples,speed_vo2,23.52941176470588,0.0,0.039603960396039604,-3.0,17,6.0
837_1,published,speed_hr,13.88888888888889,16.805555555555546,0.0891089108910891,-5.0,36,10.0
837_1,published,speed_vo2,11.11111111111111,22.22222222222222,0.5445544554455446,-2.5,36,5.0
837_1,win_only,speed_hr,0.0,0.0,1.0,,8,
837_1,win_only,speed_vo2,0.0,0.0,1.0,,8,
837_1,tol_only,speed_hr,0.0,0.0,1.0,,36,
837_1,tol_only,speed_vo2,0.0,11.11111111111111,1.0,,36,
837_1,v2_calibrated,speed_hr,0.0,50.0,1.0,,8,
837_1,v2_calibrated,speed_vo2,0.0,50.0,1.0,,8,
837_1,v2_cal_lag3,speed_hr,0.0,50.0,1.0,,8,
837_1,v2_cal_lag3,speed_vo2,62.5,50.0,0.009900990099009901,34.0,8,-68.0
840_1,default_samples,speed_hr,0.0,0.0,1.0,,15,
840_1,default_samples,speed_vo2,0.0,1.3333333333332575,1.0,,15,
840_1,published,speed_hr,16.129032258064516,13.225806451612884,0.0594059405940594,1.0,31,-2.0
840_1,published,speed_vo2,0.0,16.129032258064516,1.0,,31,
840_1,win_only,speed_hr,0.0,0.0,1.0,,7,
840_1,win_only,speed_vo2,0.0,0.0,1.0,,7,
840_1,tol_only,speed_hr,16.129032258064516,13.225806451612884,0.0594059405940594,1.0,31,-2.0
840_1,tol_only,speed_vo2,0.0,16.129032258064516,1.0,,31,
840_1,v2_calibrated,speed_hr,0.0,0.0,1.0,,7,
840_1,v2_calibrated,speed_vo2,0.0,0.0,1.0,,7,
840_1,v2_cal_lag3,speed_hr,0.0,0.0,1.0,,7,
840_1,v2_cal_lag3,speed_vo2,0.0,0.0,1.0,,7,
846_1,default_samples,speed_hr,0.0,22.22222222222222,1.0,,18,
846_1,default_samples,speed_vo2,0.0,0.0,1.0,,18,
846_1,published,speed_hr,10.526315789473683,13.157894736842104,0.2376237623762376,0.5,38,-1.0
846_1,published,speed_vo2,10.526315789473683,13.157894736842104,0.297029702970297,0.0,38,-0.0
846_1,win_only,speed_hr,0.0,0.0,1.0,,8,
846_1,win_only,speed_vo2,0.0,0.0,1.0,,8,
846_1,tol_only,speed_hr,10.526315789473683,13.157894736842104,0.2376237623762376,0.5,38,-1.0
846_1,tol_only,speed_vo2,10.526315789473683,13.157894736842104,0.297029702970297,0.0,38,-0.0
846_1,v2_calibrated,speed_hr,0.0,0.0,1.0,,8,
846_1,v2_calibrated,speed_vo2,0.0,0.0,1.0,,8,
846_1,v2_cal_lag3,speed_hr,0.0,0.0,1.0,,8,
846_1,v2_cal_lag3,speed_vo2,0.0,50.0,1.0,,8,
84_1,default_samples,speed_hr,0.0,0.0,1.0,,15,
84_1,default_samples,speed_vo2,0.0,0.0,1.0,,15,
84_1,published,speed_hr,0.0,15.625,1.0,,32,
84_1,published,speed_vo2,0.0,12.5,1.0,,32,
84_1,win_only,speed_hr,0.0,0.0,1.0,,7,
84_1,win_only,speed_vo2,0.0,0.0,1.0,,7,
84_1,tol_only,speed_hr,0.0,15.625,1.0,,32,
84_1,tol_only,speed_vo2,0.0,12.5,1.0,,32,
84_1,v2_calibrated,speed_hr,0.0,0.0,1.0,,7,
84_1,v2_calibrated,speed_vo2,0.0,57.14285714285714,1.0,,7,
84_1,v2_cal_lag3,speed_hr,0.0,0.0,1.0,,7,
84_1,v2_cal_lag3,speed_vo2,0.0,57.14285714285714,1.0,,7,
853_1,default_samples,speed_hr,0.0,0.0,1.0,,13,
853_1,default_samples,speed_vo2,0.0,0.0,1.0,,13,
853_1,published,speed_hr,0.0,14.464285714285703,1.0,,28,
853_1,published,speed_vo2,0.0,21.428571428571427,1.0,,28,
853_1,win_only,speed_hr,0.0,0.0,1.0,,6,
853_1,win_only,speed_vo2,0.0,0.0,1.0,,6,
853_1,tol_only,speed_hr,0.0,0.0,1.0,,28,
853_1,tol_only,speed_vo2,0.0,0.0,1.0,,28,
853_1,v2_calibrated,speed_hr,83.33333333333334,66.66666666666666,0.0297029702970297,-9.0,6,18.0
853_1,v2_calibrated,speed_vo2,0.0,0.0,1.0,,6,
853_1,v2_cal_lag3,speed_hr,0.0,83.33333333333334,1.0,,6,
853_1,v2_cal_lag3,speed_vo2,0.0,0.0,1.0,,6,
857_1,default_samples,speed_hr,0.0,0.0,1.0,,14,
857_1,default_samples,speed_vo2,0.0,0.0,1.0,,14,
857_1,published,speed_hr,0.0,16.666666666666664,1.0,,30,
857_1,published,speed_vo2,0.0,13.333333333333334,1.0,,30,
857_1,win_only,speed_hr,0.0,0.0,1.0,,6,
857_1,win_only,speed_vo2,0.0,0.0,1.0,,6,
857_1,tol_only,speed_hr,0.0,16.666666666666664,1.0,,30,
857_1,tol_only,speed_vo2,0.0,13.333333333333334,1.0,,30,
857_1,v2_calibrated,speed_hr,0.0,0.0,1.0,,6,
857_1,v2_calibrated,speed_vo2,0.0,0.0,1.0,,6,
857_1,v2_cal_lag3,speed_hr,0.0,0.0,1.0,,6,
857_1,v2_cal_lag3,speed_vo2,0.0,0.0,1.0,,6,
89_1,default_samples,speed_hr,0.0,0.0,1.0,,19,
89_1,default_samples,speed_vo2,0.0,0.0,1.0,,19,
89_1,published,speed_hr,0.0,10.256410256410255,1.0,,39,
89_1,published,speed_vo2,0.0,12.82051282051282,1.0,,39,
89_1,win_only,speed_hr,0.0,0.0,1.0,,9,
89_1,win_only,speed_vo2,0.0,0.0,1.0,,9,
89_1,tol_only,speed_hr,0.0,10.256410256410255,1.0,,39,
89_1,tol_only,speed_vo2,0.0,12.82051282051282,1.0,,39,
89_1,v2_calibrated,speed_hr,0.0,44.44444444444444,1.0,,9,
89_1,v2_calibrated,speed_vo2,0.0,55.55555555555556,1.0,,9,
89_1,v2_cal_lag3,speed_hr,0.0,0.0,1.0,,9,
89_1,v2_cal_lag3,speed_vo2,0.0,66.66666666666666,1.0,,9,
92_1,default_samples,speed_hr,0.0,0.0,1.0,,14,
92_1,default_samples,speed_vo2,0.0,0.0,1.0,,14,
92_1,published,speed_hr,13.793103448275861,17.413793103448267,0.24752475247524752,-0.5,29,1.0
92_1,published,speed_vo2,0.0,20.689655172413794,1.0,,29,
92_1,win_only,speed_hr,0.0,0.0,1.0,,6,
92_1,win_only,speed_vo2,0.0,0.0,1.0,,6,
92_1,tol_only,speed_hr,13.793103448275861,17.413793103448267,0.24752475247524752,-0.5,29,1.0
92_1,tol_only,speed_vo2,0.0,20.689655172413794,1.0,,29,
92_1,v2_calibrated,speed_hr,0.0,66.66666666666666,1.0,,6,
92_1,v2_calibrated,speed_vo2,0.0,0.0,1.0,,6,
92_1,v2_cal_lag3,speed_hr,0.0,83.33333333333334,1.0,,6,
92_1,v2_cal_lag3,speed_vo2,0.0,66.66666666666666,1.0,,6,
96_1,default_samples,speed_hr,0.0,0.0,1.0,,16,
96_1,default_samples,speed_vo2,0.0,0.0,1.0,,16,
96_1,published,speed_hr,0.0,12.121212121212121,1.0,,33,
96_1,published,speed_vo2,12.121212121212121,15.151515151515152,0.1782178217821782,0.0,33,-0.0
96_1,win_only,speed_hr,0.0,0.0,1.0,,7,
96_1,win_only,speed_vo2,0.0,0.0,1.0,,7,
96_1,tol_only,speed_hr,0.0,12.121212121212121,1.0,,33,
96_1,tol_only,speed_vo2,12.121212121212121,15.151515151515152,0.1782178217821782,0.0,33,-0.0
96_1,v2_calibrated,speed_hr,0.0,57.14285714285714,1.0,,7,
96_1,v2_calibrated,speed_vo2,0.0,57.14285714285714,1.0,,7,
96_1,v2_cal_lag3,speed_hr,0.0,0.0,1.0,,7,
96_1,v2_cal_lag3,speed_vo2,0.0,57.14285714285714,1.0,,7,
